20190202190545.jpeg,6,23563720190202190547.jpeg,4,652320190202190553.jpeg,6,95205420190202190554.jpeg,5,5628220190202190557.jpeg,5,7348420190202190600.jpeg,6,52700220190202190602.jpeg,5,7355420190202190605.jpeg,5,4160420190202190607.jpeg,6,84058720190202190610.jpeg,5,5945320190202190612.jpeg,5,9033420190202190615.jpeg,6,36598420190202190617.jpeg,5,4230920190202190620.jpeg,5,1458720190202190627.jpeg,5,9441820190202192426.jpeg,4,7431
20190202192428.jpeg,4,7437
20190202192430.jpeg,6,961985
20190202192432.jpeg,6,354735
20190202192434.jpeg,5,66882
20190202192437.jpeg,6,604806
20190202192441.jpeg,4,6709
20190202192445.jpeg,5,39069
20190202192447.jpeg,5,16864
20190202192449.jpeg,4,7420
20190202192451.jpeg,6,392381
20190202192453.jpeg,6,197283
20190202192456.jpeg,5,05754
20190202192458.jpeg,5,44285
20190202192500.jpeg,5,20038
20190202192501.jpeg,4,4328
20190202192503.jpeg,4,3824
20190202192505.jpeg,6,234676
20190202192508.jpeg,6,801342
20190202192510.jpeg,5,40207
20190202192518.jpeg,4,0629
20190202192520.jpeg,4,5731
20190202192522.jpeg,4,0281
20190202192524.jpeg,4,0753
20190202192530.jpeg,5,14913
20190202192532.jpeg,4,3433
20190202192534.jpeg,6,751317
20190202192537.jpeg,6,594226
20190202192539.jpeg,4,8347
20190202192541.jpeg,4,8422
20190202192543.jpeg,5,43365
20190202192545.jpeg,4,5275
20190202192549.jpeg,4,2760
20190202192551.jpeg,4,0467
20190202192553.jpeg,5,75147
20190202192556.jpeg,4,0576
20190202192559.jpeg,6,113798
20190202192601.jpeg,6,531458
20190202192603.jpeg,4,1746
20190202192606.jpeg,6,917273
20190202192608.jpeg,5,51704
20190202192610.jpeg,4,0316
20190202192612.jpeg,4,7495
20190202192614.jpeg,5,17824
20190202192616.jpeg,6,341600
20190202192618.jpeg,4,6542
20190202192621.jpeg,6,538665
20190202192623.jpeg,4,8476
20190202192625.jpeg,5,35205
20190202192628.jpeg,6,428206
20190202192632.jpeg,4,6229
20190202192635.jpeg,5,06751
20190202192637.jpeg,5,33021
20190202192639.jpeg,4,3844
20190202192643.jpeg,6,749485
20190202192645.jpeg,6,321667
20190202192647.jpeg,4,9709
20190202192649.jpeg,4,9720
20190202192652.jpeg,6,389037
20190202192656.jpeg,4,4423
20190202192658.jpeg,4,2794
20190202192701.jpeg,5,24208
20190202192707.jpeg,4,8629
20190202194808.jpeg,6,432391
20190202194809.jpeg,6,044370
20190202194812.jpeg,4,3105
20190202194822.jpeg,4,4432
20190202194824.jpeg,4,8421
20190202194826.jpeg,6,995879
20190202194827.jpeg,4,5638
20190202194829.jpeg,4,4688
20190202194831.jpeg,5,35001
20190202194833.jpeg,4,4248
20190202194836.jpeg,4,5652
20190202194838.jpeg,5,32995
20190202194840.jpeg,5,22749
20190202194843.jpeg,5,68617
20190202194846.jpeg,5,15560
20190202194852.jpeg,6,932657
20190202194858.jpeg,5,03205
20190202194905.jpeg,4,1272
20190202194909.jpeg,5,55967
20190202194913.jpeg,5,92388
20190202194925.jpeg,5,25269
20190202194929.jpeg,6,010966
20190202194934.jpeg,5,21575
20190202194938.jpeg,5,40296
20190202194943.jpeg,4,5060
20190202194948.jpeg,5,95671
20190202194953.jpeg,5,51157
20190202194958.jpeg,5,43517
20190202195004.jpeg,5,36121
20190202195009.jpeg,4,2247
20190202195015.jpeg,6,203562
20190202195020.jpeg,5,51661
20190202195026.jpeg,4,8230
20190202195032.jpeg,4,0094
20190202195039.jpeg,6,717608
20190202195045.jpeg,4,9734
20190202195051.jpeg,6,582023
20190202195058.jpeg,6,164482
20190202195105.jpeg,4,9465
20190202195112.jpeg,4,5008
20190202195119.jpeg,4,9943
20190202195126.jpeg,4,3262
20190202195134.jpeg,4,0174
20190202195150.jpeg,6,809426
20190202195158.jpeg,5,02580
20190202195206.jpeg,4,3713
20190202195225.jpeg,5,25012
20190202195234.jpeg,4,7341
20190202195244.jpeg,4,7518
20190202195254.jpeg,4,4827
20190202195304.jpeg,5,04856
20190202195314.jpeg,5,55961
20190202195324.jpeg,5,61160
20190202195334.jpeg,5,03450
20190202195345.jpeg,5,70842
20190202195356.jpeg,4,1665
20190202195420.jpeg,6,309509
20190202195431.jpeg,5,96009
20190202195442.jpeg,4,3479
20190202195453.jpeg,4,4571
20190202195504.jpeg,5,05999
20190202195515.jpeg,4,5508
20190202195526.jpeg,5,70843
20190202195549.jpeg,4,1280
20190202195601.jpeg,4,3948
20190202195614.jpeg,5,39615
20190202195626.jpeg,4,6056
20190202195706.jpeg,4,2271
20190202195719.jpeg,4,8772
20190202195732.jpeg,5,18303
20190202195746.jpeg,5,41694
20190202195817.jpeg,4,4170
20190202195832.jpeg,6,897635
20190202195846.jpeg,6,815266
20190202195901.jpeg,4,2061
20190202195915.jpeg,5,95573
20190202195945.jpeg,4,5643
20190202200001.jpeg,6,630088
20190202200016.jpeg,5,35631
20190202200032.jpeg,6,701592
20190202200049.jpeg,4,6968
20190202200105.jpeg,5,10202
20190202200122.jpeg,6,296718
20190202200138.jpeg,6,823323
20190202200156.jpeg,4,6310
20190202200214.jpeg,6,803306
20190202200231.jpeg,5,51186
20190202200249.jpeg,5,93401
20190202200307.jpeg,4,0714
20190202200324.jpeg,5,25580
20190202200343.jpeg,5,02657
20190202200401.jpeg,5,91440
20190202200419.jpeg,5,96143
20190202200439.jpeg,6,046479
20190202200458.jpeg,4,8706
20190202200517.jpeg,5,97319
20190202200537.jpeg,5,53880
20190202200557.jpeg,5,58822
20190202200617.jpeg,5,37634
20190202200638.jpeg,5,20475
20190202200659.jpeg,5,52332
20190202200719.jpeg,5,13018
20190202200741.jpeg,4,9986
20190202200802.jpeg,4,9508
20190202200824.jpeg,4,8377
20190202200846.jpeg,5,46246
20190202200908.jpeg,4,2612
20190202200930.jpeg,5,65093
20190202200953.jpeg,6,774312
20190202201413.jpeg,4,0423
20190202201414.jpeg,5,49451
20190202201415.jpeg,5,74542
20190202201417.jpeg,4,3807
20190202201418.jpeg,6,629393
20190202201420.jpeg,5,35061
20190202201421.jpeg,6,083093
20190202201423.jpeg,4,9835
20190202201425.jpeg,5,97069
20190202201439.jpeg,4,0389
20190202201441.jpeg,6,855742
20190202201443.jpeg,6,758815
20190202201446.jpeg,4,9158
20190202201451.jpeg,4,4789
20190202201454.jpeg,4,2063
20190202201457.jpeg,4,6712
20190202201504.jpeg,5,30928
20190202201507.jpeg,4,1366
20190202201511.jpeg,6,512386
20190202201515.jpeg,4,8867
20190202201519.jpeg,6,285119
20190202201523.jpeg,6,076670
20190202201527.jpeg,6,567463
20190202201532.jpeg,4,5309
20190202201536.jpeg,5,92303
20190202201541.jpeg,4,5681
20190202201546.jpeg,4,7406
20190202201551.jpeg,5,83550
20190202201556.jpeg,6,642683
20190202201601.jpeg,6,892830
20190202201606.jpeg,6,087047
20190202201617.jpeg,4,9247
20190202201623.jpeg,5,70751
20190202201635.jpeg,5,32726
20190202201641.jpeg,5,74623
20190202201647.jpeg,5,50989
20190202201654.jpeg,4,1221
20190202201700.jpeg,4,2692
20190202201807.jpeg,6,585537
20190202201808.jpeg,4,3488
20190202201809.jpeg,5,05342
20190202201812.jpeg,4,8537
20190202201814.jpeg,6,693299
20190202201818.jpeg,5,26735
20190202201819.jpeg,4,4447
20190202201822.jpeg,4,9180
20190202201824.jpeg,5,04628
20190202201826.jpeg,6,306874
20190202201829.jpeg,4,5933
20190202201831.jpeg,4,6511
20190202201834.jpeg,5,30802
20190202201840.jpeg,5,03663
20190202201844.jpeg,5,52609
20190202201847.jpeg,6,158881
20190202201851.jpeg,4,9857
20190202201855.jpeg,6,856937
20190202201859.jpeg,4,4269
20190202201903.jpeg,4,3604
20190202201907.jpeg,4,0786
20190202201911.jpeg,5,11395
20190202201915.jpeg,4,1000
20190202201920.jpeg,5,77785
20190202201924.jpeg,5,80146
20190202201929.jpeg,6,781902
20190202201943.jpeg,5,04431
20190202201947.jpeg,4,5056
20190202201958.jpeg,6,613008
20190202202009.jpeg,6,085498
20190202202014.jpeg,4,7580
20190202202020.jpeg,4,3475
20190202202032.jpeg,4,2412
20190202202038.jpeg,4,7686
20190202202045.jpeg,6,389988
20190202202052.jpeg,5,67252
20190202202059.jpeg,6,223814
20190202202106.jpeg,6,552754
20190202202113.jpeg,4,0773
20190202202121.jpeg,6,347768
20190202202128.jpeg,4,1444
20190202202136.jpeg,6,846154
20190202202144.jpeg,6,850402
20190202202152.jpeg,4,6508
20190202202810.jpeg,4,7737
20190202202811.jpeg,4,1835
20190202202812.jpeg,4,1869
20190202202814.jpeg,6,346066
20190202202815.jpeg,4,5119
20190202202817.jpeg,6,990337
20190202202819.jpeg,5,26850
20190202202821.jpeg,5,32323
20190202202823.jpeg,6,414322
20190202202825.jpeg,6,880015
20190202202828.jpeg,6,909070
20190202202836.jpeg,5,22610
20190202202839.jpeg,4,8021
20190202202842.jpeg,6,864894
20190202202845.jpeg,6,285793
20190202202849.jpeg,6,621575
20190202202856.jpeg,4,5548
20190202202859.jpeg,4,6990
20190202202907.jpeg,6,465455
20190202202911.jpeg,6,806856
20190202202916.jpeg,5,05562
20190202202920.jpeg,4,3898
20190202202925.jpeg,4,5489
20190202202934.jpeg,4,6880
20190202202939.jpeg,6,069952
20190202202948.jpeg,5,19913
20190202202949.jpeg,5,66162
20190202202951.jpeg,4,5632
20190202202952.jpeg,5,78526
20190202202954.jpeg,5,24222
20190202202955.jpeg,4,1065
20190202202957.jpeg,6,562071
20190202202959.jpeg,6,910144
20190202203001.jpeg,5,57602
20190202203004.jpeg,5,84647
20190202203006.jpeg,4,6145
20190202203008.jpeg,4,1198
20190202203011.jpeg,4,3446
20190202203013.jpeg,5,36710
20190202203016.jpeg,5,78762
20190202203019.jpeg,6,043199
20190202203022.jpeg,5,07508
20190202203029.jpeg,6,647193
20190202203032.jpeg,6,861331
20190202203036.jpeg,5,60174
20190202203040.jpeg,4,6800
20190202203044.jpeg,4,4802
20190202203048.jpeg,4,9080
20190202203052.jpeg,4,2784
20190202203056.jpeg,5,25391
20190202203101.jpeg,5,53112
20190202203106.jpeg,5,64707
20190202203110.jpeg,5,93536
20190202203116.jpeg,6,018557
20190202203126.jpeg,6,800016
20190202203127.jpeg,4,7297
20190202203128.jpeg,4,1656
20190202203129.jpeg,4,9628
20190202203131.jpeg,6,587868
20190202203133.jpeg,4,1811
20190202203135.jpeg,6,872769
20190202203137.jpeg,4,5199
20190202203139.jpeg,4,3230
20190202203141.jpeg,6,628433
20190202203152.jpeg,5,13854
20190202203154.jpeg,6,385235
20190202203157.jpeg,5,54001
20190202203200.jpeg,5,57796
20190202203202.jpeg,5,38340
20190202203205.jpeg,5,23169
20190202203208.jpeg,6,465243
20190202203211.jpeg,5,34970
20190202203215.jpeg,4,6837
20190202203229.jpeg,4,0462
20190202203233.jpeg,4,1529
20190202203241.jpeg,5,88276
20190202203245.jpeg,6,779704
20190202203250.jpeg,4,0810
20190202203259.jpeg,4,4783
20190202203308.jpeg,6,340911
20190202203309.jpeg,4,5791
20190202203311.jpeg,6,138523
20190202203312.jpeg,4,4914
20190202203313.jpeg,4,2313
20190202203315.jpeg,4,5713
20190202203317.jpeg,6,053411
20190202203319.jpeg,5,61911
20190202203321.jpeg,5,44309
20190202203323.jpeg,6,315077
20190202203325.jpeg,4,1619
20190202203328.jpeg,6,201460
20190202203330.jpeg,5,43801
20190202203333.jpeg,5,60639
20190202203335.jpeg,4,5558
20190202203338.jpeg,4,0446
20190202203341.jpeg,4,7896
20190202203344.jpeg,4,9912
20190202203347.jpeg,6,240336
20190202203351.jpeg,4,4233
20190202203405.jpeg,6,955402
20190202203409.jpeg,5,61724
20190202203414.jpeg,6,576155
20190202203418.jpeg,6,059082
20190202203422.jpeg,6,861356
20190202203427.jpeg,5,44992
20190202203432.jpeg,4,4621
20190202203442.jpeg,5,96953
20190202203443.jpeg,4,7213
20190202203445.jpeg,6,904523
20190202203446.jpeg,6,826017
20190202203448.jpeg,4,4140
20190202203450.jpeg,6,566020
20190202203451.jpeg,5,76819
20190202203453.jpeg,4,5314
20190202203455.jpeg,4,2671
20190202203458.jpeg,4,5804
20190202203502.jpeg,5,30084
20190202203505.jpeg,6,999260
20190202203508.jpeg,4,1418
20190202203511.jpeg,4,5559
20190202203514.jpeg,4,4638
20190202203517.jpeg,4,1753
20190202203520.jpeg,6,514464
20190202203523.jpeg,6,148950
20190202203527.jpeg,5,57559
20190202203531.jpeg,4,1673
20190202203538.jpeg,5,10895
20190202203542.jpeg,6,997923
20190202203547.jpeg,5,96716
20190202203551.jpeg,5,44572
20190202203556.jpeg,5,68131
20190202203600.jpeg,5,20287
20190202203605.jpeg,4,0864
20190202203614.jpeg,6,602817
20190202203615.jpeg,6,956857
20190202203617.jpeg,6,243792
20190202203620.jpeg,4,5469
20190202203621.jpeg,4,2461
20190202203623.jpeg,5,84996
20190202203625.jpeg,5,50120
20190202203627.jpeg,6,127217
20190202203629.jpeg,6,706879
20190202203632.jpeg,5,74144
20190202203634.jpeg,4,2185
20190202203637.jpeg,5,60535
20190202203639.jpeg,5,61630
20190202203645.jpeg,5,69558
20190202203648.jpeg,4,2434
20190202203651.jpeg,6,785065
20190202203655.jpeg,6,424531
20190202203658.jpeg,5,19826
20190202203702.jpeg,4,9029
20190202203705.jpeg,4,1373
20190202203709.jpeg,6,392375
20190202203713.jpeg,6,609516
20190202203718.jpeg,4,9861
20190202203722.jpeg,4,4020
20190202203726.jpeg,4,8678
20190202203731.jpeg,6,517089
20190202203735.jpeg,6,975197
20190202203740.jpeg,6,133591
20190202203752.jpeg,6,743582
20190202203754.jpeg,6,261833
20190202203755.jpeg,6,967968
20190202203757.jpeg,5,63870
20190202203759.jpeg,6,655464
20190202203801.jpeg,6,508963
20190202203805.jpeg,5,41925
20190202203808.jpeg,4,2139
20190202203810.jpeg,4,0582
20190202203818.jpeg,4,0472
20190202203821.jpeg,6,694863
20190202203824.jpeg,4,6174
20190202203828.jpeg,5,09108
20190202203831.jpeg,4,0102
20190202203834.jpeg,4,0180
20190202203838.jpeg,5,51107
20190202203850.jpeg,5,54555
20190202203858.jpeg,5,07812
20190202203902.jpeg,5,16522
20190202203907.jpeg,6,528190
20190202203911.jpeg,6,931820
20190202203920.jpeg,4,9044
20190202203925.jpeg,4,1985
20190202203935.jpeg,4,1790
20190202203936.jpeg,6,146675
20190202203939.jpeg,6,236495
20190202203941.jpeg,4,5376
20190202203943.jpeg,4,2989
20190202203945.jpeg,4,9222
20190202203947.jpeg,6,955801
20190202203949.jpeg,5,50336
20190202203954.jpeg,4,4267
20190202203956.jpeg,6,093224
20190202203959.jpeg,4,7141
20190202204005.jpeg,6,017047
20190202204007.jpeg,5,29491
20190202204011.jpeg,5,45262
20190202204014.jpeg,4,8131
20190202204017.jpeg,5,17640
20190202204021.jpeg,5,86516
20190202204025.jpeg,5,91299
20190202204028.jpeg,4,2874
20190202204036.jpeg,6,821028
20190202204041.jpeg,4,3731
20190202204045.jpeg,6,671877
20190202204050.jpeg,6,093184
20190202204054.jpeg,6,230040
20190202204059.jpeg,6,563734
20190202204108.jpeg,6,611377
20190202204109.jpeg,5,89297
20190202204111.jpeg,6,590745
20190202204112.jpeg,5,99441
20190202204114.jpeg,6,950601
20190202204115.jpeg,5,96994
20190202204117.jpeg,5,48430
20190202204119.jpeg,5,75948
20190202204121.jpeg,6,330675
20190202204123.jpeg,5,54000
20190202204126.jpeg,5,04401
20190202204128.jpeg,6,474243
20190202204131.jpeg,6,395059
20190202204133.jpeg,5,01772
20190202204136.jpeg,4,4218
20190202204139.jpeg,6,262567
20190202204142.jpeg,4,1690
20190202204145.jpeg,5,81490
20190202204149.jpeg,6,301271
20190202204152.jpeg,4,5038
20190202204156.jpeg,5,97540
20190202204200.jpeg,4,3563
20190202204203.jpeg,6,614934
20190202204207.jpeg,6,926017
20190202204220.jpeg,6,318042
20190202204225.jpeg,5,79680
20190202204230.jpeg,6,264724
20190202204246.jpeg,6,192179
20190202204247.jpeg,4,8518
20190202204249.jpeg,4,2147
20190202204250.jpeg,4,1813
20190202204252.jpeg,4,9120
20190202204254.jpeg,5,45104
20190202204256.jpeg,5,93772
20190202204258.jpeg,4,1687
20190202204301.jpeg,5,66030
20190202204308.jpeg,4,5178
20190202204311.jpeg,4,2569
20190202204313.jpeg,6,916567
20190202204316.jpeg,4,9157
20190202204319.jpeg,4,8684
20190202204326.jpeg,6,614215
20190202204330.jpeg,4,4362
20190202204341.jpeg,4,1079
20190202204345.jpeg,4,4642
20190202204349.jpeg,6,630712
20190202204353.jpeg,5,28331
20190202204358.jpeg,5,99171
20190202204403.jpeg,5,36385
20190202204407.jpeg,5,39798
20190202204417.jpeg,6,228749
20190202204418.jpeg,4,5549
20190202204419.jpeg,4,7153
20190202204420.jpeg,5,55764
20190202204422.jpeg,5,59523
20190202204425.jpeg,6,809732
20190202204427.jpeg,4,8010
20190202204434.jpeg,6,435365
20190202204436.jpeg,4,8010
20190202204438.jpeg,4,9231
20190202204441.jpeg,6,275672
20190202204447.jpeg,5,26343
20190202204450.jpeg,4,0035
20190202204453.jpeg,4,5176
20190202204456.jpeg,6,529078
20190202204459.jpeg,4,1424
20190202204503.jpeg,6,831798
20190202204507.jpeg,6,988579
20190202204511.jpeg,6,562354
20190202204523.jpeg,5,51547
20190202204527.jpeg,5,56578
20190202204532.jpeg,5,09109
20190202204550.jpeg,6,311524
20190202204551.jpeg,6,874198
20190202204553.jpeg,5,21703
20190202204554.jpeg,4,4714
20190202204556.jpeg,5,70579
20190202204557.jpeg,5,57907
20190202204559.jpeg,4,7228
20190202204603.jpeg,5,40027
20190202204608.jpeg,6,362813
20190202204610.jpeg,5,92220
20190202204615.jpeg,6,036220
20190202204618.jpeg,4,9212
20190202204621.jpeg,4,6188
20190202204627.jpeg,4,2052
20190202204630.jpeg,6,418723
20190202204634.jpeg,4,9194
20190202204637.jpeg,6,219939
20190202204641.jpeg,5,60366
20190202204645.jpeg,4,3431
20190202204648.jpeg,6,043913
20190202204652.jpeg,4,7039
20190202204657.jpeg,5,70850
20190202204701.jpeg,4,5113
20190202204710.jpeg,4,5098
20190202204715.jpeg,5,00267
20190202204725.jpeg,4,1537
20190202204726.jpeg,4,8439
20190202204728.jpeg,5,70654
20190202204731.jpeg,4,1727
20190202204732.jpeg,4,8171
20190202204734.jpeg,4,4888
20190202204736.jpeg,4,3896
20190202204738.jpeg,5,89199
20190202204740.jpeg,4,4705
20190202204743.jpeg,5,33119
20190202204745.jpeg,4,3919
20190202204748.jpeg,5,72764
20190202204751.jpeg,6,250763
20190202204753.jpeg,5,94358
20190202204756.jpeg,6,287840
20190202204759.jpeg,5,19882
20190202204806.jpeg,4,5132
20190202204809.jpeg,6,886172
20190202204813.jpeg,4,5625
20190202204817.jpeg,4,9979
20190202204821.jpeg,5,95489
20190202204829.jpeg,5,91823
20190202204833.jpeg,6,145313
20190202204837.jpeg,4,0609
20190202204842.jpeg,6,307487
20190202204856.jpeg,4,2394
20190202204857.jpeg,4,5320
20190202204858.jpeg,4,7489
20190202204859.jpeg,4,0960
20190202204901.jpeg,6,921942
20190202204903.jpeg,6,802978
20190202204909.jpeg,5,09506
20190202204911.jpeg,5,36010
20190202204913.jpeg,4,1100
20190202204918.jpeg,5,14506
20190202204920.jpeg,4,8256
20190202204923.jpeg,6,937552
20190202204926.jpeg,5,36519
20190202204929.jpeg,4,4104
20190202204935.jpeg,6,605512
20190202204939.jpeg,5,45451
20190202204946.jpeg,4,4339
20190202204953.jpeg,5,01303
20190202204957.jpeg,5,33842
20190202205002.jpeg,6,987232
20190202205006.jpeg,5,51932
20190202205010.jpeg,4,8555
20190202205015.jpeg,4,2761
20190202205020.jpeg,5,73066
20190202205028.jpeg,4,8286
20190202205030.jpeg,4,9216
20190202205031.jpeg,6,716428
20190202205032.jpeg,6,927277
20190202205036.jpeg,5,42640
20190202205037.jpeg,5,76386
20190202205039.jpeg,4,3104
20190202205043.jpeg,4,2045
20190202205046.jpeg,4,8513
20190202205048.jpeg,4,7068
20190202205051.jpeg,5,00452
20190202205053.jpeg,4,9058
20190202205056.jpeg,4,7967
20190202205059.jpeg,4,0658
20190202205102.jpeg,5,30750
20190202205105.jpeg,6,052059
20190202205111.jpeg,5,26205
20190202205115.jpeg,6,192509
20190202205119.jpeg,6,598774
20190202205122.jpeg,4,4168
20190202205126.jpeg,6,000231
20190202205130.jpeg,6,350295
20190202205134.jpeg,4,4003
20190202205139.jpeg,5,18341
20190202205152.jpeg,5,69828
20190202205201.jpeg,5,63198
20190202205210.jpeg,5,64523
20190202205211.jpeg,4,3813
20190202205212.jpeg,5,70344
20190202205214.jpeg,4,9316
20190202205215.jpeg,6,719146
20190202205219.jpeg,5,25712
20190202205220.jpeg,4,9802
20190202205224.jpeg,6,033771
20190202205227.jpeg,5,36451
20190202205231.jpeg,5,90419
20190202205234.jpeg,4,7770
20190202205237.jpeg,4,0152
20190202205239.jpeg,4,9006
20190202205245.jpeg,5,84395
20190202205249.jpeg,6,425016
20190202205252.jpeg,4,2317
20190202205255.jpeg,4,7244
20190202205259.jpeg,5,78454
20190202205302.jpeg,4,9777
20190202205306.jpeg,6,423548
20190202205310.jpeg,5,42346
20190202205314.jpeg,4,3065
20190202205319.jpeg,6,353327
20190202205323.jpeg,5,74006
20190202205327.jpeg,5,31814
20190202205332.jpeg,4,5005
20190202205341.jpeg,5,72423
20190202205342.jpeg,4,9122
20190202205343.jpeg,5,31703
20190202205345.jpeg,4,5390
20190202205346.jpeg,4,6538
20190202205348.jpeg,5,46276
20190202205350.jpeg,5,90555
20190202205352.jpeg,6,611533
20190202205353.jpeg,6,766433
20190202205358.jpeg,5,12395
20190202205403.jpeg,6,536341
20190202205405.jpeg,5,24318
20190202205408.jpeg,4,4656
20190202205411.jpeg,6,849540
20190202205414.jpeg,4,5225
20190202205417.jpeg,4,3252
20190202205424.jpeg,4,4781
20190202205427.jpeg,5,25225
20190202205434.jpeg,4,1685
20190202205438.jpeg,5,29787
20190202205442.jpeg,5,88635
20190202205446.jpeg,4,4411
20190202205451.jpeg,4,8213
20190202205455.jpeg,5,97516
20190202205459.jpeg,6,618190
20190202205513.jpeg,6,330767
20190202205517.jpeg,6,839413
20190202205518.jpeg,4,6681
20190202205520.jpeg,6,391311
20190202205522.jpeg,4,2601
20190202205524.jpeg,4,9013
20190202205528.jpeg,4,7945
20190202205530.jpeg,4,6392
20190202205532.jpeg,6,172229
20190202205535.jpeg,5,59938
20190202205538.jpeg,6,973879
20190202205540.jpeg,4,6414
20190202205543.jpeg,6,964741
20190202205546.jpeg,6,460286
20190202205549.jpeg,6,212659
20190202205553.jpeg,4,6384
20190202205600.jpeg,6,559904
20190202205603.jpeg,6,239103
20190202205607.jpeg,6,802433
20190202205611.jpeg,5,78627
20190202205615.jpeg,4,5148
20190202205619.jpeg,4,2950
20190202205624.jpeg,4,8924
20190202205628.jpeg,4,2990
20190202205633.jpeg,5,69947
20190202205637.jpeg,4,1657
20190202205646.jpeg,4,0678
20190202205647.jpeg,6,899535
20190202205649.jpeg,4,5098
20190202205650.jpeg,4,5747
20190202205652.jpeg,6,146222
20190202205653.jpeg,6,410209
20190202205655.jpeg,6,341597
20190202205701.jpeg,5,60434
20190202205708.jpeg,5,23677
20190202205711.jpeg,5,09718
20190202205713.jpeg,5,19312
20190202205716.jpeg,6,095989
20190202205719.jpeg,5,31236
20190202205722.jpeg,4,0905
20190202205726.jpeg,6,112164
20190202205729.jpeg,5,33928
20190202205732.jpeg,6,392732
20190202205740.jpeg,6,994921
20190202205748.jpeg,5,70472
20190202205752.jpeg,5,44331
20190202205757.jpeg,6,601623
20190202205805.jpeg,4,0541
20190202205811.jpeg,6,060553
20190202205821.jpeg,5,56453
20190202205822.jpeg,5,28898
20190202205823.jpeg,4,9859
20190202205825.jpeg,4,0014
20190202205826.jpeg,6,814655
20190202205828.jpeg,6,241655
20190202205832.jpeg,4,0785
20190202205834.jpeg,5,37712
20190202205836.jpeg,5,13701
20190202205839.jpeg,6,300956
20190202205841.jpeg,4,7203
20190202205844.jpeg,4,9878
20190202205846.jpeg,5,58577
20190202205849.jpeg,6,252923
20190202205852.jpeg,6,452879
20190202205855.jpeg,6,165617
20190202205902.jpeg,5,04756
20190202205905.jpeg,4,1798
20190202205909.jpeg,4,6929
20190202205912.jpeg,4,2922
20190202205916.jpeg,4,2094
20190202205920.jpeg,4,4409
20190202205924.jpeg,5,29397
20190202205928.jpeg,4,8144
20190202205933.jpeg,4,7014
20190202205937.jpeg,6,112018
20190202205942.jpeg,5,52841
20190202205947.jpeg,6,784383
20190202205957.jpeg,5,03499
20190202205958.jpeg,4,6806
20190202210000.jpeg,4,1727
20190202210001.jpeg,4,8163
20190202210004.jpeg,5,28531
20190202210005.jpeg,5,77423
20190202210007.jpeg,4,8079
20190202210009.jpeg,6,087501
20190202210011.jpeg,4,2082
20190202210016.jpeg,4,3397
20190202210021.jpeg,6,044388
20190202210024.jpeg,4,3814
20190202210027.jpeg,6,831174
20190202210030.jpeg,6,135162
20190202210033.jpeg,6,370175
20190202210043.jpeg,4,9500
20190202210047.jpeg,4,7846
20190202210050.jpeg,5,33311
20190202210054.jpeg,5,78112
20190202210058.jpeg,5,90504
20190202210103.jpeg,5,12591
20190202210107.jpeg,6,442477
20190202210112.jpeg,6,737148
20190202210132.jpeg,5,06714
20190202210133.jpeg,5,92825
20190202210134.jpeg,6,857928
20190202210138.jpeg,4,0551
20190202210139.jpeg,5,23481
20190202210142.jpeg,4,4817
20190202210144.jpeg,4,9072
20190202210146.jpeg,5,23955
20190202210148.jpeg,6,768277
20190202210151.jpeg,6,275857
20190202210159.jpeg,4,1522
20190202210202.jpeg,6,782001
20190202210205.jpeg,4,3731
20190202210208.jpeg,4,0447
20190202210211.jpeg,6,533024
20190202210214.jpeg,6,956229
20190202210218.jpeg,6,334263
20190202210221.jpeg,5,23326
20190202210225.jpeg,6,824754
20190202210233.jpeg,5,18725
20190202210237.jpeg,4,6418
20190202210246.jpeg,6,465721
20190202210250.jpeg,4,4950
20190202210255.jpeg,6,078520
20190202210300.jpeg,6,777206
20190202210310.jpeg,4,5404
20190202210311.jpeg,4,7264
20190202210313.jpeg,4,6616
20190202210314.jpeg,6,087002
20190202210316.jpeg,5,35323
20190202210318.jpeg,4,3088
20190202210320.jpeg,6,069273
20190202210322.jpeg,6,172727
20190202210324.jpeg,5,23638
20190202210328.jpeg,5,02085
20190202210331.jpeg,5,07991
20190202210333.jpeg,4,9532
20190202210336.jpeg,4,2309
20190202210339.jpeg,5,73597
20190202210345.jpeg,4,4413
20190202210349.jpeg,6,637653
20190202210352.jpeg,5,92879
20190202210356.jpeg,5,07623
20190202210400.jpeg,5,07856
20190202210404.jpeg,4,5793
20190202210408.jpeg,4,6064
20190202210412.jpeg,6,144315
20190202210421.jpeg,5,57815
20190202210425.jpeg,5,15972
20190202210430.jpeg,6,644324
20190202210435.jpeg,6,943967
20190202210449.jpeg,4,3371
20190202210450.jpeg,4,2358
20190202210452.jpeg,4,0978
20190202210453.jpeg,5,78134
20190202210455.jpeg,5,94404
20190202210456.jpeg,4,6785
20190202210458.jpeg,6,897756
20190202210500.jpeg,4,6538
20190202210502.jpeg,4,6393
20190202210506.jpeg,6,951958
20190202210509.jpeg,4,8924
20190202210512.jpeg,6,122223
20190202210514.jpeg,6,741354
20190202210518.jpeg,4,8816
20190202210521.jpeg,6,031807
20190202210524.jpeg,4,6186
20190202210527.jpeg,5,52055
20190202210531.jpeg,4,1028
20190202210534.jpeg,5,52575
20190202210538.jpeg,4,0142
20190202210542.jpeg,5,30035
20190202210546.jpeg,4,5901
20190202210554.jpeg,6,216242
20190202210558.jpeg,6,977728
20190202210603.jpeg,5,70076
20190202210608.jpeg,4,2868
20190202210618.jpeg,4,8961
20190202210627.jpeg,5,27823
20190202210628.jpeg,4,4435
20190202210630.jpeg,6,007368
20190202210631.jpeg,5,16880
20190202210633.jpeg,5,23470
20190202210637.jpeg,4,7150
20190202210639.jpeg,5,45079
20190202210643.jpeg,4,4878
20190202210646.jpeg,6,248739
20190202210651.jpeg,4,2729
20190202210654.jpeg,6,200213
20190202210657.jpeg,5,33125
20190202210700.jpeg,6,489500
20190202210707.jpeg,4,9589
20190202210710.jpeg,6,063880
20190202210714.jpeg,5,55847
20190202210718.jpeg,4,0239
20190202210735.jpeg,6,915414
20190202210739.jpeg,5,51960
20190202210744.jpeg,4,5792
20190202210749.jpeg,4,9321
20190202210754.jpeg,5,90199
20190202210759.jpeg,4,4471
20190202210810.jpeg,6,109846
20190202210811.jpeg,4,6048
20190202210813.jpeg,6,318020
20190202210814.jpeg,6,402668
20190202210816.jpeg,4,0479
20190202210818.jpeg,6,965523
20190202210820.jpeg,4,6627
20190202210822.jpeg,6,606857
20190202210824.jpeg,4,8242
20190202210826.jpeg,6,216823
20190202210829.jpeg,6,340582
20190202210834.jpeg,4,7638
20190202210837.jpeg,6,151764
20190202210840.jpeg,4,2626
20190202210843.jpeg,6,409318
20190202210847.jpeg,5,69016
20190202210851.jpeg,4,0840
20190202210855.jpeg,6,838112
20190202210858.jpeg,5,70497
20190202210902.jpeg,5,98856
20190202210906.jpeg,5,07260
20190202210911.jpeg,5,50456
20190202210915.jpeg,4,1310
20190202210919.jpeg,4,4275
20190202210924.jpeg,6,601322
20190202210928.jpeg,5,43753
20190202210933.jpeg,5,43655
20190202210938.jpeg,5,19987
20190202210943.jpeg,4,7328
20190202210953.jpeg,4,1942
20190202210954.jpeg,5,72749
20190202210957.jpeg,5,29692
20190202210959.jpeg,5,08430
20190202211000.jpeg,5,54612
20190202211002.jpeg,4,1953
20190202211004.jpeg,5,27609
20190202211006.jpeg,5,08447
20190202211009.jpeg,5,27209
20190202211014.jpeg,4,4543
20190202211016.jpeg,4,7759
20190202211022.jpeg,4,4132
20190202211025.jpeg,4,3235
20190202211029.jpeg,6,897038
20190202211032.jpeg,4,1640
20190202211036.jpeg,5,66161
20190202211040.jpeg,6,655817
20190202211044.jpeg,5,11444
20190202211052.jpeg,6,345213
20190202211056.jpeg,6,712259
20190202211101.jpeg,5,95206
20190202211106.jpeg,4,1506
20190202211111.jpeg,6,622220
20190202211116.jpeg,6,655665
20190202211122.jpeg,5,61454
20190202211127.jpeg,4,2799
20190202211137.jpeg,5,42766
20190202211139.jpeg,4,0200
20190202211140.jpeg,4,2095
20190202211142.jpeg,4,9616
20190202211144.jpeg,4,8082
20190202211146.jpeg,6,708922
20190202211148.jpeg,4,7945
20190202211150.jpeg,5,27121
20190202211152.jpeg,4,1682
20190202211154.jpeg,5,72658
20190202211157.jpeg,4,0932
20190202211159.jpeg,6,916788
20190202211205.jpeg,6,574644
20190202211208.jpeg,4,7048
20190202211211.jpeg,4,8934
20190202211218.jpeg,4,2204
20190202211222.jpeg,6,418897
20190202211226.jpeg,4,0697
20190202211235.jpeg,6,196277
20190202211240.jpeg,5,89373
20190202211245.jpeg,6,906268
20190202211250.jpeg,5,51020
20190202211256.jpeg,5,76793
20190202211308.jpeg,6,013438
20190202211319.jpeg,6,698450
20190202211331.jpeg,6,313771
20190202211334.jpeg,4,8997
20190202211335.jpeg,4,0758
20190202211337.jpeg,5,21894
20190202211341.jpeg,4,8714
20190202211346.jpeg,5,15004
20190202211348.jpeg,5,11803
20190202211352.jpeg,5,35427
20190202211356.jpeg,6,307976
20190202211359.jpeg,4,7424
20190202211402.jpeg,5,21771
20190202211405.jpeg,4,8954
20190202211409.jpeg,5,31841
20190202211413.jpeg,6,257689
20190202211417.jpeg,5,04870
20190202211421.jpeg,5,83458
20190202211425.jpeg,5,11385
20190202211429.jpeg,4,6979
20190202211437.jpeg,5,67193
20190202211442.jpeg,6,178560
20190202211447.jpeg,4,3112
20190202211458.jpeg,6,094389
20190202211504.jpeg,4,7868
20190202211509.jpeg,4,2646
20190202211515.jpeg,4,9051
20190202211526.jpeg,6,244474
20190202211528.jpeg,5,17297
20190202211530.jpeg,5,01149
20190202211534.jpeg,6,057711
20190202211539.jpeg,5,21654
20190202211544.jpeg,5,00040
20190202211550.jpeg,5,43089
20190202211556.jpeg,5,11706
20190202211559.jpeg,4,6763
20190202211603.jpeg,6,055791
20190202211606.jpeg,6,227699
20190202211610.jpeg,5,30711
20190202211614.jpeg,6,996450
20190202211618.jpeg,6,571703
20190202211623.jpeg,4,7037
20190202211654.jpeg,4,1935
20190202211655.jpeg,6,590951
20190202211656.jpeg,4,7594
20190202211658.jpeg,5,08621
20190202211700.jpeg,5,71941
20190202211701.jpeg,6,121375
20190202211703.jpeg,5,75249
20190202211708.jpeg,4,7404
20190202211710.jpeg,6,286582
20190202211715.jpeg,6,264014
20190202211721.jpeg,4,5864
20190202211724.jpeg,6,215887
20190202211730.jpeg,4,5997
20190202211733.jpeg,6,345788
20190202211737.jpeg,5,95056
20190202211741.jpeg,4,2194
20190202211749.jpeg,5,97585
20190202211753.jpeg,4,3246
20190202211757.jpeg,6,912907
20190202211801.jpeg,4,0478
20190202211806.jpeg,4,3835
20190202211810.jpeg,6,220814
20190202211814.jpeg,4,2916
20190202211819.jpeg,4,0123
20190202211824.jpeg,6,180274
20190202211833.jpeg,4,2237
20190202211834.jpeg,5,21437
20190202211836.jpeg,5,55375
20190202211837.jpeg,5,01175
20190202211839.jpeg,6,044495
20190202211842.jpeg,5,79195
20190202211844.jpeg,4,6083
20190202211846.jpeg,5,59426
20190202211848.jpeg,5,56954
20190202211850.jpeg,4,7512
20190202211852.jpeg,4,1374
20190202211855.jpeg,6,698992
20190202211858.jpeg,6,444628
20190202211901.jpeg,6,550027
20190202211904.jpeg,5,02204
20190202211907.jpeg,4,2896
20190202211910.jpeg,4,3694
20190202211917.jpeg,5,17549
20190202211924.jpeg,4,1758
20190202224450.jpeg,5,94274
20190202224451.jpeg,4,8146
20190202224452.jpeg,5,65294
20190202224454.jpeg,4,1263
20190202224456.jpeg,5,25911
20190202224458.jpeg,5,80058
20190202224500.jpeg,5,56167
20190202224502.jpeg,6,236740
20190202224505.jpeg,6,164439
20190202224516.jpeg,4,8136
20190202224519.jpeg,5,05324
20190202224522.jpeg,5,18533
20190202224529.jpeg,6,250573
20190202224532.jpeg,6,432157
20190202224536.jpeg,5,18479
20190202224540.jpeg,5,89771
20190202224544.jpeg,5,25352
20190202224549.jpeg,5,02172
20190202224553.jpeg,6,797483
20190202224558.jpeg,6,671229
20190202224603.jpeg,5,97178
20190202224608.jpeg,4,4919
20190202224613.jpeg,6,705800
20190202224618.jpeg,4,4562
20190202224624.jpeg,5,91937
20190202224629.jpeg,4,9013
20190202224641.jpeg,4,9474
20190202224642.jpeg,6,638840
20190202224643.jpeg,6,897788
20190202224645.jpeg,4,2030
20190202224647.jpeg,5,36582
20190202224649.jpeg,5,86166
20190202224651.jpeg,4,7264
20190202224653.jpeg,4,7261
20190202224655.jpeg,5,04765
20190202224658.jpeg,6,143135
20190202224700.jpeg,6,712367
20190202224703.jpeg,4,0599
20190202224709.jpeg,6,001462
20190202224715.jpeg,4,0277
20190202224718.jpeg,4,1075
20190202224722.jpeg,4,3988
20190202224725.jpeg,6,451050
20190202224733.jpeg,6,103944
20190202224742.jpeg,4,1582
20190202224746.jpeg,4,9770
20190202224750.jpeg,6,885077
20190202224755.jpeg,6,140336
20190202224759.jpeg,5,04749
20190202224814.jpeg,4,8850
20190202224819.jpeg,5,74669
20190202224829.jpeg,4,5091
20190202224830.jpeg,6,318653
20190202224832.jpeg,6,111199
20190202224833.jpeg,5,20271
20190202224835.jpeg,5,20435
20190202224837.jpeg,5,70152
20190202224843.jpeg,5,89290
20190202224854.jpeg,6,029408
20190202224857.jpeg,5,12405
20190202224903.jpeg,4,7885
20190202224906.jpeg,4,4527
20190202224913.jpeg,5,54882
20190202224917.jpeg,6,002819
20190202224921.jpeg,6,216256
20190202224925.jpeg,5,20291
20190202224929.jpeg,6,948394
20190202224934.jpeg,5,30102
20190202224939.jpeg,6,727601
20190202224943.jpeg,5,14226
20190202224948.jpeg,5,96443
20190202224959.jpeg,4,4048
20190202225004.jpeg,5,44794
20190202225015.jpeg,6,023333
20190202225016.jpeg,6,510356
20190202225018.jpeg,4,4000
20190202225019.jpeg,4,2743
20190202225023.jpeg,4,9706
20190202225027.jpeg,4,6994
20190202225030.jpeg,4,9206
20190202225032.jpeg,4,3791
20190202225035.jpeg,6,957673
20190202225038.jpeg,6,547810
20190202225041.jpeg,5,47574
20190202225044.jpeg,4,8872
20190202225047.jpeg,6,644768
20190202225058.jpeg,6,266997
20190202225102.jpeg,5,96460
20190202225114.jpeg,4,3256
20190202225119.jpeg,6,278372
20190202225124.jpeg,6,464737
20190202225129.jpeg,6,829902
20190202225133.jpeg,5,43490
20190202225144.jpeg,5,86022
20190202225149.jpeg,5,02371
20190202225200.jpeg,4,7679
20190202225202.jpeg,4,0385
20190202225205.jpeg,4,1990
20190202225208.jpeg,6,232145
20190202225212.jpeg,5,71274
20190202225214.jpeg,4,3559
20190202225216.jpeg,5,36691
20190202225218.jpeg,4,2295
20190202225223.jpeg,6,783242
20190202225226.jpeg,6,758596
20190202225229.jpeg,6,554083
20190202225236.jpeg,4,5374
20190202225239.jpeg,4,8672
20190202225243.jpeg,6,201489
20190202225250.jpeg,6,642249
20190202225254.jpeg,6,176252
20190202225258.jpeg,6,336548
20190202225302.jpeg,4,0229
20190202225307.jpeg,4,1942
20190202225311.jpeg,5,71125
20190202225316.jpeg,4,5656
20190202225326.jpeg,5,63690
20190202225331.jpeg,4,8978
20190202225336.jpeg,6,323371
20190202225347.jpeg,6,633899
20190202225349.jpeg,5,71850
20190202225350.jpeg,5,44191
20190202234549.jpeg,4,5588
20190202234550.jpeg,6,318205
20190202234552.jpeg,4,8917
20190202234553.jpeg,6,922072
20190202234555.jpeg,6,387250
20190202234556.jpeg,5,07049
20190202234558.jpeg,5,54306
20190202234600.jpeg,6,431803
20190202234602.jpeg,4,6105
20190202234604.jpeg,4,2692
20190202234609.jpeg,4,9871
20190202234611.jpeg,5,26229
20190202234614.jpeg,5,82244
20190202234617.jpeg,5,81427
20190202234620.jpeg,4,7558
20190202234623.jpeg,4,4350
20190202234626.jpeg,4,7220
20190202234629.jpeg,6,304018
20190202234640.jpeg,6,390126
20190202234644.jpeg,6,015528
20190202234648.jpeg,4,8812
20190202234656.jpeg,5,17939
20190202234700.jpeg,6,232389
20190202234705.jpeg,5,23281
20190202234709.jpeg,4,3834
20190202234714.jpeg,4,3406
20190202234726.jpeg,5,79085
20190202234727.jpeg,6,973211
20190202234729.jpeg,5,87278
20190202234730.jpeg,4,6455
20190202234734.jpeg,4,5818
20190202234736.jpeg,4,2692
20190202234738.jpeg,5,01425
20190202234740.jpeg,4,0815
20190202234743.jpeg,4,4524
20190202234745.jpeg,4,5455
20190202234748.jpeg,6,905620
20190202234751.jpeg,4,3902
20190202234754.jpeg,5,03931
20190202234757.jpeg,6,352515
20190202234800.jpeg,5,13043
20190202234803.jpeg,4,3732
20190202234806.jpeg,5,20675
20190202234810.jpeg,5,95791
20190202234813.jpeg,6,868463
20190202234817.jpeg,6,781078
20190202234821.jpeg,4,5895
20190202234825.jpeg,6,000883
20190202234830.jpeg,5,43817
20190202234838.jpeg,6,170651
20190202234843.jpeg,5,26120
20190202234848.jpeg,5,70746
20190202234857.jpeg,4,7178
20190202234858.jpeg,5,48833
20190202234859.jpeg,4,2689
20190202234901.jpeg,4,1050
20190202234902.jpeg,5,40584
20190202234906.jpeg,6,060087
20190202234907.jpeg,4,8611
20190202234909.jpeg,4,1113
20190202234912.jpeg,5,39666
20190202234914.jpeg,4,3847
20190202234916.jpeg,4,5844
20190202234918.jpeg,4,9748
20190202234921.jpeg,5,64590
20190202234924.jpeg,6,756768
20190202234927.jpeg,4,2014
20190202234929.jpeg,4,7510
20190202234933.jpeg,6,383046
20190202234936.jpeg,6,778133
20190202234939.jpeg,6,009809
20190202234946.jpeg,5,61628
20190202234954.jpeg,6,313009
20190202234958.jpeg,4,8504
20190202235002.jpeg,5,29031
20190202235006.jpeg,6,891719
20190202235011.jpeg,5,00054
20190202235016.jpeg,4,8170
20190202235020.jpeg,5,60344
20190202235029.jpeg,5,52762
20190202235030.jpeg,4,2315
20190202235033.jpeg,4,4241
20190202235034.jpeg,6,922695
20190202235036.jpeg,5,07712
20190202235038.jpeg,4,1350
20190202235040.jpeg,6,043677
20190202235042.jpeg,5,52147
20190202235044.jpeg,4,7139
20190202235046.jpeg,4,4763
20190202235049.jpeg,6,327775
20190202235054.jpeg,4,4985
20190202235057.jpeg,4,9646
20190202235059.jpeg,4,7246
20190202235102.jpeg,6,970234
20190202235106.jpeg,5,19144
20190202235109.jpeg,4,5008
20190202235112.jpeg,6,220856
20190202235116.jpeg,5,39193
20190202235120.jpeg,6,626987
20190202235124.jpeg,5,89094
20190202235127.jpeg,4,3201
20190202235132.jpeg,6,569803
20190202235140.jpeg,6,069000
20190202235149.jpeg,5,02417
20190202235154.jpeg,4,0739
20190202235203.jpeg,5,75855
20190202235205.jpeg,4,5090
20190202235206.jpeg,4,7616
20190202235208.jpeg,6,948506
20190202235210.jpeg,5,73572
20190202235211.jpeg,4,5453
20190202235213.jpeg,5,97712
20190202235215.jpeg,6,896681
20190202235217.jpeg,6,430744
20190202235222.jpeg,4,8414
20190202235224.jpeg,4,8346
20190202235227.jpeg,4,1268
20190202235230.jpeg,5,99521
20190202235233.jpeg,5,35139
20190202235236.jpeg,6,447924
20190202235239.jpeg,6,179329
20190202235245.jpeg,4,3040
20190202235249.jpeg,4,2867
20190202235252.jpeg,6,651887
20190202235300.jpeg,5,64609
20190202235304.jpeg,6,982188
20190202235317.jpeg,6,214834
20190202235322.jpeg,5,23245
20190202235327.jpeg,6,127141
20190202235336.jpeg,4,8255
20190202235338.jpeg,4,3985
20190202235339.jpeg,5,67813
20190202235341.jpeg,6,859822
20190202235342.jpeg,4,5164
20190202235346.jpeg,4,5011
20190202235348.jpeg,4,9054
20190202235350.jpeg,5,64969
20190202235352.jpeg,4,6984
20190202235355.jpeg,6,612780
20190202235400.jpeg,4,4077
20190202235402.jpeg,4,3105
20190202235405.jpeg,5,26629
20190202235411.jpeg,5,65940
20190202235418.jpeg,4,1759
20190202235425.jpeg,4,4683
20190202235428.jpeg,4,2981
20190202235432.jpeg,4,8803
20190202235436.jpeg,5,83486
20190202235440.jpeg,4,9944
20190202235445.jpeg,5,40019
20190202235453.jpeg,4,6647
20190202235458.jpeg,6,843441
20190202235507.jpeg,6,676572
20190202235508.jpeg,4,1703
20190202235509.jpeg,4,6143
20190202235511.jpeg,5,99765
20190202235513.jpeg,5,60683
20190202235514.jpeg,6,971595
20190202235516.jpeg,5,98614
20190202235518.jpeg,4,7805
20190202235520.jpeg,4,5001
20190202235522.jpeg,4,1545
20190202235527.jpeg,6,286891
20190202235529.jpeg,5,13285
20190202235535.jpeg,6,585953
20190202235537.jpeg,4,5721
20190202235547.jpeg,4,9607
20190202235550.jpeg,4,4826
20190202235554.jpeg,4,3575
20190202235605.jpeg,5,84669
20190202235609.jpeg,4,6859
20190202235617.jpeg,4,8814
20190202235622.jpeg,5,21951
20190202235626.jpeg,6,071223
20190202235631.jpeg,5,81544
20190202235640.jpeg,4,8382
20190202235641.jpeg,5,48167
20190202235643.jpeg,4,4828
20190202235646.jpeg,5,45377
20190202235647.jpeg,6,020587
20190202235649.jpeg,4,1757
20190202235653.jpeg,4,5793
20190202235655.jpeg,6,519813
20190202235657.jpeg,5,83327
20190202235700.jpeg,6,560242
20190202235702.jpeg,5,71410
20190202235705.jpeg,4,8370
20190202235708.jpeg,4,1456
20190202235713.jpeg,4,0965
20190202235716.jpeg,4,1886
20190202235720.jpeg,6,377972
20190202235723.jpeg,6,060228
20190202235727.jpeg,5,00778
20190202235730.jpeg,4,1656
20190202235738.jpeg,6,703926
20190202235742.jpeg,4,5349
20190202235746.jpeg,6,990283
20190202235750.jpeg,6,147982
20190202235755.jpeg,4,7359
20190202235759.jpeg,4,1792
20190202235804.jpeg,6,982440
20190202235813.jpeg,6,771334
20190202235816.jpeg,5,64098
20190202235819.jpeg,5,73787
20190202235820.jpeg,6,580251
20190202235822.jpeg,4,6937
20190202235824.jpeg,5,16877
20190202235826.jpeg,6,989410
20190202235829.jpeg,4,9474
20190202235831.jpeg,5,01405
20190202235833.jpeg,5,86156
20190202235836.jpeg,5,65813
20190202235838.jpeg,4,7138
20190202235841.jpeg,5,03424
20190202235844.jpeg,4,0273
20190202235847.jpeg,5,23740
20190202235850.jpeg,6,184356
20190202235854.jpeg,5,08051
20190202235908.jpeg,6,189809
20190202235912.jpeg,5,41282
20190202235917.jpeg,4,1733
20190202235925.jpeg,5,82799
20190202235930.jpeg,4,3801
20190202235935.jpeg,6,980477
20190202235940.jpeg,4,2343
20190202235949.jpeg,4,1972
20190202235952.jpeg,4,9185
20190202235955.jpeg,5,32836
20190202235957.jpeg,6,510495
20190202235959.jpeg,4,2713
20190203000001.jpeg,5,74943
20190203000003.jpeg,6,195294
20190203000005.jpeg,4,6473
20190203000007.jpeg,5,12192
20190203000010.jpeg,5,64671
20190203000012.jpeg,6,249236
20190203000015.jpeg,4,5918
20190203000018.jpeg,5,26393
20190203000021.jpeg,5,85480
20190203000024.jpeg,4,9982
20190203000030.jpeg,5,13946
20190203000033.jpeg,4,4978
20190203000041.jpeg,5,70551
20190203000048.jpeg,5,28269
20190203000052.jpeg,6,981444
20190203000057.jpeg,4,8514
20190203000101.jpeg,4,4548
20190203000105.jpeg,5,46537
20190203000133.jpeg,4,7007
20190203000136.jpeg,5,34636
20190203000137.jpeg,4,0064
20190203000139.jpeg,6,532298
20190203000143.jpeg,6,354845
20190203000146.jpeg,6,057224
20190203000148.jpeg,4,4397
20190203000150.jpeg,6,020466
20190203000155.jpeg,5,68991
20190203000158.jpeg,5,77732
20190203000204.jpeg,4,9100
20190203000207.jpeg,5,02226
20190203000210.jpeg,5,33932
20190203000214.jpeg,5,26401
20190203000221.jpeg,6,185103
20190203000226.jpeg,6,252467
20190203000230.jpeg,4,9792
20190203000234.jpeg,6,735249
20190203000238.jpeg,5,56666
20190203000253.jpeg,6,034378
20190203000258.jpeg,5,12860
20190203000303.jpeg,4,0090
20190203000308.jpeg,5,70307
20190203000318.jpeg,5,42665
20190203000319.jpeg,5,06233
20190203000320.jpeg,6,405108
20190203000322.jpeg,5,66360
20190203000323.jpeg,5,08730
20190203000325.jpeg,5,56536
20190203000327.jpeg,6,666249
20190203000329.jpeg,5,86382
20190203000333.jpeg,4,8134
20190203000335.jpeg,5,41461
20190203000338.jpeg,6,409106
20190203000340.jpeg,6,837616
20190203000343.jpeg,4,0915
20190203000347.jpeg,4,5729
20190203000350.jpeg,6,314392
20190203000353.jpeg,6,440386
20190203000356.jpeg,6,307355
20190203000400.jpeg,5,24978
20190203000403.jpeg,4,2435
20190203000407.jpeg,5,98140
20190203000411.jpeg,6,132815
20190203000415.jpeg,5,16987
20190203000419.jpeg,4,3312
20190203000423.jpeg,4,6257
20190203000428.jpeg,4,6229
20190203000433.jpeg,5,82264
20190203000437.jpeg,4,0135
20190203000442.jpeg,4,1931
20190203000447.jpeg,4,4498
20190203000456.jpeg,6,217432
20190203000458.jpeg,4,4076
20190203000459.jpeg,6,143190
20190203000500.jpeg,5,55077
20190203000502.jpeg,6,850838
20190203000504.jpeg,4,3636
20190203000506.jpeg,5,26869
20190203000508.jpeg,4,2009
20190203000510.jpeg,4,6547
20190203000515.jpeg,4,6765
20190203000517.jpeg,5,20867
20190203000520.jpeg,4,0635
20190203000522.jpeg,6,012454
20190203000525.jpeg,4,1445
20190203000528.jpeg,4,7949
20190203000532.jpeg,5,76155
20190203000535.jpeg,6,575622
20190203000539.jpeg,5,70720
20190203000542.jpeg,5,95235
20190203000546.jpeg,6,372788
20190203000549.jpeg,4,2520
20190203000554.jpeg,5,02925
20190203000558.jpeg,4,2892
20190203000602.jpeg,4,8311
20190203000611.jpeg,5,78791
20190203000616.jpeg,4,3986
20190203000626.jpeg,4,8608
20190203000636.jpeg,6,929351
20190203000638.jpeg,6,011160
20190203000640.jpeg,5,05137
20190203000641.jpeg,6,981423
20190203000643.jpeg,4,2594
20190203000645.jpeg,6,929786
20190203000647.jpeg,6,473364
20190203000649.jpeg,4,6064
20190203000651.jpeg,4,8115
20190203000654.jpeg,4,6451
20190203000656.jpeg,6,886219
20190203000701.jpeg,5,60652
20190203000705.jpeg,4,6750
20190203000707.jpeg,5,27104
20190203000711.jpeg,4,3781
20190203000714.jpeg,5,05208
20190203000718.jpeg,4,0777
20190203000722.jpeg,5,05485
20190203000725.jpeg,6,208472
20190203000729.jpeg,6,678925
20190203000733.jpeg,4,8160
20190203000737.jpeg,5,18421
20190203000741.jpeg,6,377846
20190203000746.jpeg,4,5520
20190203000750.jpeg,5,41957
20190203000756.jpeg,5,15664
20190203103508.jpeg,4,7181
20190203103510.jpeg,4,6448
20190203103511.jpeg,5,34750
20190203103512.jpeg,4,9035
20190203103514.jpeg,4,9830
20190203103515.jpeg,6,453075
20190203103517.jpeg,5,04143
20190203103519.jpeg,5,08704
20190203103521.jpeg,4,6867
20190203103523.jpeg,6,196791
20190203103526.jpeg,4,3419
20190203103528.jpeg,6,787221
20190203103531.jpeg,6,617466
20190203103533.jpeg,5,55419
20190203103536.jpeg,5,85812
20190203103539.jpeg,4,3068
20190203103542.jpeg,5,87325
20190203103545.jpeg,6,963098
20190203103548.jpeg,4,9883
20190203103555.jpeg,5,11851
20190203103559.jpeg,4,6215
20190203103602.jpeg,4,5507
20190203103606.jpeg,4,9388
20190203103610.jpeg,6,440667
20190203103615.jpeg,6,538841
20190203103619.jpeg,6,032145
20190203103623.jpeg,4,3879
20190203103628.jpeg,4,4100
20190203103632.jpeg,4,4313
20190203103641.jpeg,6,881407
20190203103642.jpeg,6,057778
20190203103644.jpeg,4,8040
20190203103645.jpeg,6,763241
20190203103654.jpeg,6,493567
20190203103656.jpeg,4,5118
20190203103659.jpeg,6,096506
20190203103701.jpeg,6,699265
20190203103704.jpeg,5,29130
20190203103707.jpeg,4,9219
20190203103709.jpeg,5,33885
20190203103713.jpeg,6,144744
20190203103716.jpeg,6,879684
20190203103719.jpeg,4,4494
20190203103722.jpeg,6,619924
20190203103726.jpeg,4,3873
20190203103729.jpeg,5,10988
20190203103733.jpeg,4,9365
20190203103736.jpeg,4,7522
20190203103740.jpeg,5,01077
20190203103745.jpeg,4,3066
20190203103749.jpeg,6,759233
20190203103753.jpeg,6,930307
20190203103758.jpeg,5,16618
20190203103802.jpeg,6,069107
20190203103807.jpeg,6,348306
20190203103816.jpeg,6,197946
20190203103817.jpeg,5,50332
20190203103820.jpeg,4,9339
20190203103822.jpeg,4,0301
20190203103823.jpeg,4,3916
20190203103825.jpeg,4,9510
20190203103827.jpeg,5,91434
20190203103829.jpeg,4,9272
20190203103831.jpeg,6,978797
20190203103833.jpeg,4,9064
20190203103835.jpeg,6,448516
20190203103838.jpeg,4,4527
20190203103840.jpeg,6,020807
20190203103846.jpeg,6,744029
20190203103849.jpeg,5,68073
20190203103852.jpeg,5,30800
20190203103855.jpeg,4,3209
20190203103859.jpeg,4,7210
20190203103902.jpeg,4,7887
20190203103906.jpeg,4,9725
20190203103912.jpeg,4,5819
20190203103920.jpeg,4,0513
20190203103924.jpeg,5,06911
20190203103928.jpeg,5,66890
20190203103933.jpeg,5,32752
20190203103937.jpeg,4,6329
20190203103942.jpeg,5,91586
20190203103951.jpeg,4,4426
20190203103952.jpeg,5,86833
20190203103954.jpeg,6,383101
20190203103956.jpeg,4,9850
20190203103958.jpeg,6,738620
20190203103959.jpeg,6,828737
20190203104001.jpeg,4,5707
20190203104003.jpeg,4,2857
20190203104005.jpeg,4,7072
20190203104008.jpeg,4,7271
20190203104010.jpeg,4,7238
20190203104012.jpeg,5,07296
20190203104018.jpeg,4,0716
20190203104021.jpeg,4,9986
20190203104026.jpeg,4,6157
20190203104030.jpeg,6,689354
20190203104033.jpeg,6,998189
20190203104037.jpeg,6,334349
20190203104040.jpeg,5,30568
20190203104044.jpeg,6,353818
20190203104048.jpeg,5,25448
20190203104052.jpeg,4,1281
20190203104057.jpeg,6,437399
20190203104101.jpeg,6,608352
20190203104105.jpeg,5,76948
20190203104110.jpeg,4,3956
20190203104115.jpeg,6,653337
20190203104124.jpeg,5,39613
20190203104125.jpeg,6,579509
20190203104126.jpeg,5,95288
20190203104128.jpeg,6,033557
20190203104129.jpeg,6,015828
20190203104131.jpeg,5,67587
20190203104133.jpeg,6,580612
20190203104135.jpeg,4,3708
20190203104139.jpeg,6,172366
20190203104141.jpeg,5,90932
20190203104144.jpeg,6,203874
20190203104146.jpeg,5,11418
20190203104149.jpeg,6,670634
20190203104152.jpeg,4,9317
20190203104154.jpeg,5,37403
20190203104201.jpeg,5,44340
20190203104207.jpeg,4,2669
20190203104211.jpeg,4,1880
20190203104215.jpeg,5,60386
20190203104219.jpeg,5,49602
20190203104223.jpeg,5,18764
20190203104227.jpeg,5,52573
20190203104240.jpeg,4,3158
20190203104244.jpeg,4,8481
20190203104249.jpeg,6,816850
20190203104258.jpeg,4,6963
20190203104259.jpeg,5,91455
20190203104301.jpeg,4,0017
20190203104305.jpeg,4,9113
20190203104307.jpeg,5,53276
20190203104311.jpeg,4,1867
20190203104313.jpeg,5,71270
20190203104317.jpeg,6,198433
20190203104320.jpeg,6,956948
20190203104322.jpeg,4,8042
20190203104325.jpeg,4,4752
20190203104328.jpeg,4,3945
20190203104331.jpeg,6,330523
20190203104334.jpeg,5,28646
20190203104337.jpeg,4,7338
20190203104344.jpeg,4,4202
20190203104347.jpeg,6,948275
20190203104355.jpeg,4,7630
20190203104359.jpeg,4,3908
20190203104403.jpeg,4,0594
20190203104407.jpeg,6,131990
20190203104411.jpeg,5,60608
20190203104416.jpeg,6,587528
20190203104421.jpeg,5,56655
20190203104430.jpeg,6,399310
20190203104431.jpeg,6,449046
20190203104432.jpeg,5,32017
20190203104434.jpeg,6,254323
20190203104435.jpeg,5,48638
20190203104437.jpeg,4,7212
20190203104439.jpeg,6,216481
20190203104441.jpeg,5,42782
20190203104443.jpeg,5,62001
20190203104445.jpeg,6,155417
20190203104447.jpeg,5,72705
20190203104450.jpeg,4,6697
20190203104452.jpeg,6,071155
20190203104458.jpeg,6,203211
20190203104501.jpeg,5,80374
20190203104504.jpeg,4,9745
20190203104507.jpeg,4,0054
20190203104510.jpeg,5,39678
20190203104521.jpeg,4,3191
20190203104524.jpeg,4,4865
20190203104528.jpeg,4,3485
20190203104532.jpeg,6,508941
20190203104541.jpeg,6,305021
20190203104550.jpeg,4,7038
20190203104603.jpeg,6,231845
20190203104604.jpeg,4,1483
20190203104606.jpeg,6,727426
20190203104607.jpeg,5,77780
20190203104609.jpeg,6,799400
20190203104610.jpeg,4,0905
20190203104612.jpeg,6,387769
20190203104614.jpeg,5,68337
20190203104618.jpeg,4,9991
20190203104621.jpeg,6,275065
20190203104623.jpeg,6,652359
20190203104626.jpeg,4,1788
20190203104631.jpeg,4,6465
20190203104634.jpeg,5,11381
20190203104640.jpeg,4,5821
20190203104647.jpeg,5,12542
20190203104650.jpeg,6,557977
20190203104654.jpeg,5,33204
20190203104658.jpeg,6,287890
20190203104705.jpeg,4,6223
20190203104714.jpeg,4,4906
20190203104718.jpeg,6,816194
20190203104723.jpeg,5,34021
20190203104737.jpeg,6,721420
20190203104738.jpeg,4,7433
20190203104741.jpeg,5,15214
20190203104742.jpeg,5,54157
20190203104744.jpeg,4,3610
20190203104745.jpeg,4,9251
20190203104747.jpeg,4,5884
20190203104751.jpeg,4,3774
20190203104753.jpeg,4,5625
20190203104758.jpeg,4,5429
20190203104801.jpeg,6,813319
20190203104803.jpeg,5,64541
20190203104806.jpeg,5,10761
20190203104809.jpeg,5,11644
20190203104812.jpeg,6,702697
20190203104815.jpeg,4,1639
20190203104826.jpeg,6,587307
20190203104830.jpeg,4,5766
20190203104834.jpeg,5,30548
20190203104837.jpeg,4,9582
20190203104842.jpeg,5,24319
20190203104846.jpeg,4,3921
20190203104855.jpeg,6,022480
20190203104859.jpeg,5,23647
20190203104908.jpeg,6,657596
20190203104909.jpeg,5,35706
20190203104911.jpeg,4,3731
20190203104912.jpeg,4,4365
20190203104914.jpeg,5,19419
20190203104917.jpeg,6,284467
20190203104921.jpeg,4,8094
20190203104925.jpeg,5,31906
20190203104930.jpeg,5,64430
20190203104933.jpeg,4,7665
20190203104936.jpeg,5,29178
20190203104941.jpeg,5,96446
20190203104944.jpeg,5,38298
20190203104948.jpeg,5,40208
20190203104951.jpeg,4,4568
20190203104954.jpeg,4,1563
20190203105002.jpeg,4,6258
20190203105006.jpeg,6,248371
20190203105009.jpeg,5,01181
20190203105014.jpeg,5,83230
20190203105018.jpeg,4,9527
20190203105022.jpeg,6,324492
20190203105027.jpeg,4,4946
20190203105031.jpeg,5,56420
20190203105040.jpeg,6,924430
20190203105041.jpeg,5,51477
20190203105043.jpeg,5,76839
20190203105044.jpeg,4,8620
20190203105046.jpeg,6,515234
20190203105047.jpeg,6,788364
20190203105051.jpeg,5,32957
20190203105053.jpeg,6,506010
20190203105055.jpeg,4,6951
20190203105058.jpeg,5,45594
20190203105100.jpeg,6,994087
20190203105102.jpeg,5,75251
20190203105105.jpeg,4,2393
20190203105111.jpeg,6,516926
20190203105114.jpeg,6,289746
20190203105117.jpeg,4,5297
20190203105120.jpeg,4,3373
20190203105134.jpeg,6,470301
20190203105138.jpeg,6,939396
20190203105151.jpeg,4,5788
20190203105155.jpeg,4,0274
20190203105159.jpeg,4,3928
20190203105204.jpeg,6,547890
20190203105213.jpeg,4,2813
20190203105214.jpeg,4,2353
20190203105215.jpeg,5,56085
20190203105218.jpeg,6,978980
20190203105220.jpeg,5,22495
20190203105222.jpeg,5,67366
20190203105224.jpeg,6,164970
20190203105226.jpeg,5,50309
20190203105228.jpeg,4,2851
20190203105237.jpeg,5,91025
20190203105240.jpeg,6,941274
20190203105243.jpeg,5,35048
20190203105246.jpeg,5,75265
20190203105249.jpeg,6,550062
20190203105303.jpeg,4,0447
20190203105307.jpeg,4,5809
20190203105310.jpeg,4,8752
20190203105315.jpeg,6,991182
20190203105319.jpeg,6,890699
20190203105327.jpeg,5,24069
20190203105332.jpeg,4,7164
20190203105337.jpeg,4,6612
20190203105346.jpeg,4,8550
20190203105347.jpeg,6,936298
20190203105348.jpeg,6,138528
20190203105351.jpeg,6,223835
20190203105353.jpeg,6,722436
20190203105354.jpeg,4,0047
20190203105356.jpeg,5,73888
20190203105358.jpeg,6,844777
20190203105400.jpeg,6,549964
20190203105403.jpeg,5,55424
20190203105405.jpeg,4,7629
20190203105407.jpeg,5,25772
20190203105410.jpeg,4,4955
20190203105413.jpeg,4,5994
20190203105416.jpeg,6,328087
20190203105425.jpeg,5,59357
20190203105428.jpeg,4,8497
20190203105431.jpeg,4,8184
20190203105435.jpeg,4,1285
20190203105442.jpeg,5,36182
20190203105446.jpeg,5,05933
20190203105451.jpeg,4,8523
20190203105508.jpeg,4,4865
20190203105517.jpeg,4,7297
20190203105518.jpeg,6,695520
20190203105519.jpeg,6,827709
20190203105521.jpeg,5,38048
20190203105522.jpeg,4,8536
20190203105524.jpeg,4,9649
20190203105526.jpeg,4,5083
20190203105527.jpeg,5,84690
20190203105529.jpeg,5,88714
20190203105532.jpeg,5,99248
20190203105534.jpeg,5,13187
20190203105539.jpeg,6,859917
20190203105541.jpeg,4,1861
20190203105544.jpeg,4,9966
20190203105547.jpeg,6,093908
20190203105553.jpeg,6,274704
20190203105559.jpeg,5,36364
20190203105606.jpeg,5,44108
20190203105610.jpeg,5,88902
20190203105614.jpeg,5,41401
20190203105618.jpeg,6,547627
20190203105623.jpeg,6,066479
20190203105627.jpeg,6,427360
20190203105631.jpeg,4,1162
20190203105636.jpeg,4,0821
20190203105640.jpeg,4,1064
20190203105652.jpeg,4,8885
20190203105653.jpeg,5,52914
20190203105655.jpeg,6,754397
20190203105658.jpeg,5,34201
20190203105700.jpeg,5,36298
20190203105702.jpeg,4,1635
20190203105704.jpeg,4,2576
20190203105709.jpeg,6,868804
20190203105711.jpeg,4,3603
20190203105714.jpeg,5,33677
20190203105717.jpeg,4,1943
20190203105719.jpeg,6,050504
20190203105722.jpeg,4,4563
20190203105725.jpeg,4,0130
20190203105729.jpeg,6,280472
20190203105732.jpeg,4,7901
20190203105735.jpeg,4,8659
20190203105739.jpeg,5,48534
20190203105743.jpeg,4,5768
20190203105746.jpeg,4,5875
20190203105750.jpeg,6,906242
20190203105754.jpeg,6,960208
20190203105759.jpeg,5,02584
20190203105803.jpeg,5,29006
20190203105808.jpeg,5,25774
20190203105812.jpeg,4,2514
20190203105821.jpeg,5,27649
20190203105822.jpeg,5,01647
20190203105824.jpeg,5,53999
20190203105825.jpeg,4,7533
20190203105826.jpeg,5,85150
20190203105828.jpeg,4,2235
20190203105830.jpeg,4,5986
20190203105832.jpeg,5,94947
20190203105834.jpeg,5,53392
20190203105836.jpeg,5,31300
20190203105838.jpeg,5,65242
20190203105840.jpeg,6,245600
20190203105843.jpeg,6,593071
20190203105846.jpeg,4,3677
20190203105848.jpeg,6,999692
20190203105851.jpeg,5,48457
20190203105854.jpeg,5,47804
20190203105858.jpeg,5,31605
20190203105901.jpeg,5,76870
20190203105904.jpeg,5,88352
20190203105911.jpeg,4,3166
20190203105919.jpeg,6,527815
20190203105927.jpeg,6,870880
20190203105931.jpeg,6,167185
20190203105935.jpeg,5,22820
20190203105945.jpeg,6,307138
20190203105953.jpeg,5,74993
20190203105955.jpeg,4,5650
20190203105956.jpeg,4,6467
20190203105958.jpeg,6,797894
20190203105959.jpeg,5,88352
20190203110003.jpeg,4,8193
20190203110005.jpeg,4,3587
20190203110008.jpeg,6,663347
20190203110010.jpeg,5,18953
20190203110012.jpeg,5,10859
20190203110014.jpeg,5,19474
20190203110019.jpeg,5,64190
20190203110022.jpeg,6,221866
20190203110025.jpeg,4,5451
20190203110027.jpeg,5,32050
20190203110030.jpeg,6,080452
20190203110034.jpeg,4,7861
20190203110037.jpeg,4,3514
20190203110040.jpeg,5,77835
20190203110044.jpeg,4,5063
20190203110047.jpeg,4,4928
20190203110055.jpeg,6,145596
20190203110108.jpeg,5,43553
20190203110112.jpeg,5,00631
20190203110117.jpeg,4,2326
20190203110126.jpeg,5,29548
20190203110127.jpeg,4,1389
20190203110128.jpeg,6,461366
20190203110130.jpeg,6,817110
20190203110131.jpeg,4,7686
20190203110133.jpeg,5,96894
20190203110134.jpeg,4,5141
20190203110136.jpeg,6,589120
20190203110140.jpeg,5,80160
20190203110143.jpeg,4,3161
20190203110145.jpeg,6,179467
20190203110147.jpeg,6,077451
20190203110153.jpeg,6,914653
20190203110156.jpeg,5,82161
20190203110159.jpeg,5,32098
20190203110202.jpeg,5,03166
20190203110205.jpeg,5,78982
20190203110209.jpeg,6,522559
20190203110212.jpeg,6,883677
20190203110216.jpeg,6,988569
20190203110220.jpeg,6,408315
20190203110224.jpeg,5,92765
20190203110228.jpeg,5,12444
20190203110232.jpeg,4,8222
20190203110236.jpeg,5,60748
20190203110241.jpeg,4,7312
20190203110250.jpeg,5,36569
20190203110259.jpeg,4,9339
20190203110300.jpeg,6,830380
20190203110301.jpeg,4,1879
20190203110303.jpeg,5,07661
20190203110304.jpeg,4,3876
20190203110306.jpeg,4,8827
20190203110307.jpeg,4,5230
20190203110311.jpeg,5,74149
20190203110315.jpeg,4,4655
20190203110318.jpeg,5,63509
20190203110320.jpeg,4,3445
20190203110323.jpeg,5,22210
20190203110325.jpeg,5,61130
20190203110328.jpeg,5,27290
20190203110331.jpeg,4,8347
20190203110334.jpeg,4,1625
20190203110337.jpeg,5,79764
20190203110341.jpeg,6,591294
20190203110344.jpeg,4,9685
20190203110348.jpeg,6,573627
20190203110351.jpeg,4,8313
20190203110355.jpeg,5,22069
20190203110359.jpeg,6,461642
20190203110403.jpeg,6,391316
20190203110407.jpeg,4,0314
20190203110411.jpeg,4,6696
20190203110430.jpeg,5,55040
20190203110431.jpeg,5,20324
20190203110433.jpeg,4,0409
20190203110434.jpeg,6,048217
20190203110437.jpeg,6,259660
20190203110439.jpeg,5,14000
20190203110443.jpeg,5,82446
20190203110448.jpeg,5,10875
20190203110452.jpeg,4,7781
20190203110458.jpeg,4,7916
20190203110501.jpeg,6,104820
20190203110504.jpeg,6,380677
20190203110507.jpeg,6,228468
20190203110510.jpeg,4,8446
20190203110513.jpeg,4,9488
20190203110517.jpeg,6,547544
20190203110521.jpeg,5,34418
20190203110524.jpeg,5,79790
20190203110528.jpeg,5,63103
20190203110532.jpeg,5,80833
20190203110537.jpeg,5,63515
20190203110541.jpeg,5,77424
20190203110545.jpeg,5,06572
20190203110550.jpeg,4,5159
20190203110554.jpeg,4,5693
20190203110604.jpeg,6,005485
20190203110605.jpeg,6,780193
20190203110608.jpeg,5,78532
20190203110609.jpeg,5,65608
20190203110611.jpeg,4,6442
20190203110613.jpeg,4,9360
20190203110614.jpeg,4,0695
20190203110619.jpeg,6,190169
20190203110623.jpeg,6,738563
20190203110631.jpeg,4,1986
20190203110634.jpeg,5,41853
20190203110637.jpeg,6,349575
20190203110643.jpeg,5,54656
20190203110647.jpeg,5,34592
20190203110650.jpeg,4,2066
20190203110654.jpeg,4,9754
20190203110657.jpeg,6,482317
20190203110705.jpeg,5,92339
20190203110710.jpeg,4,6551
20190203110714.jpeg,4,4971
20190203110720.jpeg,5,33910
20190203110725.jpeg,4,3812
20190203110730.jpeg,5,41848
20190203110739.jpeg,5,36089
20190203110740.jpeg,5,86391
20190203110742.jpeg,6,702809
20190203110743.jpeg,5,47986
20190203110744.jpeg,5,84997
20190203110746.jpeg,4,9017
20190203110748.jpeg,4,1260
20190203110750.jpeg,6,403907
20190203110752.jpeg,6,075450
20190203110754.jpeg,4,2250
20190203110756.jpeg,4,9454
20190203110801.jpeg,6,728078
20190203110803.jpeg,5,02311
20190203110806.jpeg,6,369658
20190203110809.jpeg,4,9898
20190203110815.jpeg,4,0032
20190203110819.jpeg,5,93534
20190203110822.jpeg,5,80940
20190203110826.jpeg,5,69266
20190203110829.jpeg,5,99111
20190203110833.jpeg,5,96412
20190203110837.jpeg,6,923298
20190203110841.jpeg,4,7707
20190203110845.jpeg,4,2128
20190203110849.jpeg,4,1288
20190203110853.jpeg,5,31894
20190203110858.jpeg,5,34818
20190203110903.jpeg,4,6164
20190203110912.jpeg,6,527814
20190203110915.jpeg,5,47725
20190203110916.jpeg,5,94227
20190203110917.jpeg,6,858172
20190203110919.jpeg,4,0455
20190203110923.jpeg,5,26575
20190203110925.jpeg,5,35027
20190203110927.jpeg,5,51089
20190203110929.jpeg,5,31497
20190203110931.jpeg,5,74060
20190203110934.jpeg,6,829900
20190203110937.jpeg,5,11691
20190203110940.jpeg,6,040125
20190203110946.jpeg,5,84946
20190203110952.jpeg,5,02913
20190203110956.jpeg,4,2692
20190203111000.jpeg,5,32500
20190203111004.jpeg,5,71565
20190203111025.jpeg,6,709476
20190203111030.jpeg,4,4722
20190203111040.jpeg,5,84445
20190203111049.jpeg,4,6484
20190203111050.jpeg,5,53045
20190203111051.jpeg,5,94623
20190203111052.jpeg,4,5401
20190203111054.jpeg,5,48482
20190203111055.jpeg,4,3542
20190203111057.jpeg,4,3962
20190203111059.jpeg,4,7132
20190203111101.jpeg,5,09976
20190203111103.jpeg,4,6061
20190203111105.jpeg,4,8518
20190203111108.jpeg,4,0960
20190203111110.jpeg,5,88579
20190203111112.jpeg,4,1348
20190203111115.jpeg,6,077319
20190203111118.jpeg,5,29747
20190203111121.jpeg,5,90428
20190203111124.jpeg,4,5613
20190203111130.jpeg,4,4490
20190203111134.jpeg,6,143064
20190203111137.jpeg,4,8405
20190203111141.jpeg,4,3176
20190203111145.jpeg,6,357619
20190203111149.jpeg,6,301719
20190203111153.jpeg,5,26691
20190203111158.jpeg,4,7718
20190203111208.jpeg,5,82842
20190203111213.jpeg,4,4179
20190203111224.jpeg,5,35570
20190203111225.jpeg,5,11468
20190203111227.jpeg,6,602182
20190203111228.jpeg,4,5130
20190203111230.jpeg,6,264894
20190203111232.jpeg,5,41745
20190203111234.jpeg,4,9186
20190203111236.jpeg,5,17527
20190203111238.jpeg,4,2553
20190203111241.jpeg,4,7522
20190203111249.jpeg,4,4572
20190203111252.jpeg,6,056787
20190203111257.jpeg,5,80911
20190203111304.jpeg,5,79170
20190203111307.jpeg,5,69972
20190203111314.jpeg,4,3149
20190203111318.jpeg,4,0691
20190203111325.jpeg,5,49714
20190203111333.jpeg,4,2792
20190203111338.jpeg,5,04986
20190203111342.jpeg,4,6776
20190203111347.jpeg,4,9486
20190203111352.jpeg,5,31093
20190203111402.jpeg,4,3528
20190203111403.jpeg,5,30489
20190203111404.jpeg,5,17373
20190203111406.jpeg,4,7521
20190203111409.jpeg,5,95770
20190203111413.jpeg,5,40552
20190203111415.jpeg,5,93488
20190203111419.jpeg,5,09778
20190203111422.jpeg,6,840912
20190203111424.jpeg,4,6148
20190203111433.jpeg,5,11491
20190203111436.jpeg,4,8723
20190203111440.jpeg,5,39641
20190203111443.jpeg,5,47900
20190203111447.jpeg,5,05547
20190203111454.jpeg,4,9391
20190203111458.jpeg,5,30343
20190203111506.jpeg,4,1772
20190203111510.jpeg,4,2063
20190203111514.jpeg,6,698672
20190203111519.jpeg,5,30580
20190203111523.jpeg,5,44758
20190203111528.jpeg,5,48498
20190203111538.jpeg,6,599206
20190203111540.jpeg,4,3146
20190203111541.jpeg,5,19243
20190203111543.jpeg,6,392169
20190203111544.jpeg,5,47900
20190203111546.jpeg,4,3914
20190203111548.jpeg,5,56789
20190203111550.jpeg,4,3410
20190203111552.jpeg,6,770318
20190203111554.jpeg,5,97923
20190203111556.jpeg,6,011379
20190203111559.jpeg,5,84407
20190203111604.jpeg,4,5799
20190203111607.jpeg,5,59729
20190203111610.jpeg,4,2316
20190203111613.jpeg,4,7104
20190203111619.jpeg,6,076277
20190203111627.jpeg,4,8513
20190203111630.jpeg,4,0378
20190203111634.jpeg,6,285851
20190203111638.jpeg,4,9528
20190203111643.jpeg,6,737011
20190203111647.jpeg,6,689596
20190203111657.jpeg,4,8802
20190203111701.jpeg,5,92372
20190203111711.jpeg,5,81514
20190203111712.jpeg,6,881073
20190203111715.jpeg,4,8771
20190203111716.jpeg,5,48200
20190203111718.jpeg,4,4394
20190203111720.jpeg,5,07309
20190203111722.jpeg,5,99076
20190203111724.jpeg,6,241061
20190203111726.jpeg,4,0598
20190203111730.jpeg,6,974370
20190203111732.jpeg,5,32842
20190203111735.jpeg,6,785377
20190203111738.jpeg,5,83285
20190203111741.jpeg,4,7216
20190203111744.jpeg,4,2655
20190203111750.jpeg,5,80305
20190203111754.jpeg,6,372993
20190203111757.jpeg,4,1919
20190203111801.jpeg,4,7766
20190203111804.jpeg,4,5375
20190203111808.jpeg,5,68543
20190203111812.jpeg,4,0555
20190203111816.jpeg,6,636790
20190203111821.jpeg,4,9315
20190203111825.jpeg,6,853356
20190203111830.jpeg,6,415569
20190203111835.jpeg,5,24509
20190203111840.jpeg,6,412823
20190203111850.jpeg,5,66583
20190203111851.jpeg,5,57046
20190203111855.jpeg,4,0286
20190203111857.jpeg,4,3632
20190203111858.jpeg,4,9037
20190203111902.jpeg,5,71341
20190203111904.jpeg,5,23903
20190203111906.jpeg,5,81944
20190203111909.jpeg,4,6089
20190203111911.jpeg,5,35310
20190203111914.jpeg,5,97769
20190203111922.jpeg,4,1865
20190203111925.jpeg,5,34708
20190203111929.jpeg,6,627005
20190203111932.jpeg,6,299055
20190203111936.jpeg,4,8114
20190203111943.jpeg,6,902646
20190203111947.jpeg,4,4605
20190203111951.jpeg,5,42002
20190203111955.jpeg,6,624847
20190203112000.jpeg,5,00697
20190203112005.jpeg,5,21660
20190203112010.jpeg,5,29162
20190203112015.jpeg,5,79209
20190203112024.jpeg,5,78671
20190203112026.jpeg,6,371637
20190203112027.jpeg,4,2120
20190203112029.jpeg,6,896387
20190203112030.jpeg,5,26208
20190203112032.jpeg,4,6514
20190203112034.jpeg,5,43073
20190203112036.jpeg,4,2882
20190203112038.jpeg,6,703757
20190203112040.jpeg,6,411795
20190203112042.jpeg,5,00366
20190203112045.jpeg,5,40367
20190203112051.jpeg,5,44726
20190203112057.jpeg,4,9402
20190203112100.jpeg,4,6287
20190203112103.jpeg,4,4371
20190203112107.jpeg,4,7395
20190203112123.jpeg,5,35961
20190203112126.jpeg,6,308757
20190203112130.jpeg,6,773105
20190203112133.jpeg,4,9890
20190203112137.jpeg,6,938167
20190203112142.jpeg,5,07088
20190203112146.jpeg,4,6475
20190203112155.jpeg,5,96266
20190203112200.jpeg,5,40337
20190203112215.jpeg,5,81001
20190203112216.jpeg,6,239678
20190203112219.jpeg,4,3584
20190203112221.jpeg,4,2005
20190203112222.jpeg,6,430828
20190203112224.jpeg,4,1445
20190203112226.jpeg,6,789213
20190203112228.jpeg,5,78353
20190203112230.jpeg,4,5940
20190203112233.jpeg,6,625372
20190203112235.jpeg,6,267973
20190203112238.jpeg,5,02783
20190203112243.jpeg,5,56103
20190203112246.jpeg,5,90416
20190203112249.jpeg,6,914269
20190203112253.jpeg,4,6751
20190203112256.jpeg,6,555858
20190203112300.jpeg,6,526595
20190203112303.jpeg,5,85773
20190203112307.jpeg,6,026336
20190203112311.jpeg,4,0387
20190203112315.jpeg,6,365560
20190203112319.jpeg,4,4608
20190203112324.jpeg,6,805950
20190203112328.jpeg,6,360088
20190203112333.jpeg,6,639022
20190203112337.jpeg,5,98674
20190203112351.jpeg,5,08366
20190203112352.jpeg,4,6581
20190203112353.jpeg,6,975332
20190203112355.jpeg,4,7341
20190203112358.jpeg,4,5719
20190203112400.jpeg,4,4192
20190203112401.jpeg,4,8776
20190203112403.jpeg,4,1412
20190203112405.jpeg,6,147988
20190203112408.jpeg,4,9072
20190203112415.jpeg,5,31147
20190203112418.jpeg,5,86213
20190203112423.jpeg,4,8465
20190203112426.jpeg,4,0318
20190203112429.jpeg,4,8697
20190203112433.jpeg,4,1159
20190203112436.jpeg,5,63292
20190203112440.jpeg,5,04846
20190203112443.jpeg,4,1676
20190203112455.jpeg,6,913788
20190203112459.jpeg,5,92042
20190203112504.jpeg,6,654364
20190203112508.jpeg,5,72800
20190203112513.jpeg,4,7372
20190203112523.jpeg,5,69741
20190203112524.jpeg,6,320891
20190203112528.jpeg,4,9093
20190203112531.jpeg,5,32660
20190203112533.jpeg,4,1228
20190203112535.jpeg,4,0896
20190203112537.jpeg,4,1933
20190203112539.jpeg,4,8255
20190203112542.jpeg,4,2479
20190203112545.jpeg,4,9177
20190203112548.jpeg,6,835353
20190203112551.jpeg,5,00550
20190203112554.jpeg,6,382490
20190203112557.jpeg,6,413293
20190203112600.jpeg,5,02312
20190203112607.jpeg,5,13564
20190203112610.jpeg,4,4003
20190203112618.jpeg,5,27802
20190203112622.jpeg,6,618895
20190203112626.jpeg,6,175317
20190203112631.jpeg,5,23753
20190203112635.jpeg,4,0975
20190203112644.jpeg,4,0615
20190203112649.jpeg,4,1092
20190203112659.jpeg,4,8857
20190203112700.jpeg,4,8776
20190203112703.jpeg,5,07461
20190203112704.jpeg,4,1986
20190203112706.jpeg,4,4803
20190203112707.jpeg,5,54526
20190203112711.jpeg,4,2997
20190203112713.jpeg,6,158215
20190203112716.jpeg,4,4671
20190203112718.jpeg,6,539832
20190203112721.jpeg,4,6572
20190203112723.jpeg,5,67387
20190203112726.jpeg,6,455708
20190203112735.jpeg,6,809883
20190203112738.jpeg,6,251600
20190203112741.jpeg,4,2538
20190203112745.jpeg,4,5776
20190203112748.jpeg,6,914780
20190203112752.jpeg,6,171898
20190203112808.jpeg,4,8526
20190203112813.jpeg,4,7773
20190203112818.jpeg,5,89636
20190203112823.jpeg,5,31466
20190203112832.jpeg,6,651052
20190203112834.jpeg,6,871575
20190203112836.jpeg,5,81955
20190203112837.jpeg,6,427820
20190203112843.jpeg,5,06503
20190203112846.jpeg,6,900675
20190203112848.jpeg,6,900369
20190203112850.jpeg,4,9322
20190203112853.jpeg,4,4027
20190203112856.jpeg,6,269138
20190203112858.jpeg,4,4781
20190203112901.jpeg,5,03478
20190203112904.jpeg,4,8104
20190203112908.jpeg,6,049461
20190203112911.jpeg,4,0276
20190203112914.jpeg,6,889010
20190203112917.jpeg,5,63618
20190203112921.jpeg,5,29071
20190203112925.jpeg,5,00491
20190203112929.jpeg,5,80329
20190203112933.jpeg,5,77920
20190203112938.jpeg,5,38237
20190203112942.jpeg,5,36432
20190203112947.jpeg,5,37835
20190203112952.jpeg,6,067193
20190203113002.jpeg,4,5151
20190203113011.jpeg,4,7562
20190203113013.jpeg,6,928874
20190203113014.jpeg,5,23103
20190203113017.jpeg,4,6135
20190203113019.jpeg,6,947611
20190203113020.jpeg,6,386752
20190203113022.jpeg,6,527642
20190203113024.jpeg,4,5615
20190203113029.jpeg,5,22366
20190203113031.jpeg,5,82368
20190203113034.jpeg,6,389171
20190203113037.jpeg,6,919230
20190203113040.jpeg,5,06621
20190203113043.jpeg,5,28695
20190203113049.jpeg,4,7903
20190203113052.jpeg,6,684122
20190203113056.jpeg,5,88187
20190203113059.jpeg,6,719983
20190203113103.jpeg,4,6275
20190203113107.jpeg,6,395743
20190203113111.jpeg,6,292812
20190203113115.jpeg,4,2254
20190203113119.jpeg,4,1778
20190203113123.jpeg,5,12790
20190203113128.jpeg,6,241423
20190203113133.jpeg,6,332595
20190203113138.jpeg,4,3699
20190203113147.jpeg,5,47992
20190203113148.jpeg,4,9861
20190203113150.jpeg,5,13590
20190203113151.jpeg,6,575511
20190203113153.jpeg,4,0617
20190203113155.jpeg,4,7870
20190203113157.jpeg,4,4059
20190203113158.jpeg,6,592116
20190203113200.jpeg,6,570034
20190203113203.jpeg,5,07244
20190203113207.jpeg,5,88541
20190203113210.jpeg,5,23192
20190203113212.jpeg,4,2425
20190203113215.jpeg,6,613554
20190203113218.jpeg,6,191530
20190203113221.jpeg,6,779591
20190203113225.jpeg,6,436723
20190203113228.jpeg,4,9335
20190203113232.jpeg,5,14904
20190203113236.jpeg,6,218286
20190203113243.jpeg,6,987419
20190203113247.jpeg,5,25223
20190203113252.jpeg,6,859801
20190203113256.jpeg,6,195337
20190203113300.jpeg,4,6801
20190203113305.jpeg,6,218748
20190203113316.jpeg,4,7931
20190203113325.jpeg,4,3439
20190203113326.jpeg,4,6236
20190203113328.jpeg,5,54717
20190203113331.jpeg,5,99218
20190203113333.jpeg,6,161178
20190203113337.jpeg,4,8828
20190203113339.jpeg,5,69234
20190203113341.jpeg,5,11272
20190203113343.jpeg,5,76141
20190203113345.jpeg,6,551729
20190203113348.jpeg,4,2760
20190203113350.jpeg,6,280364
20190203113356.jpeg,5,70218
20190203113400.jpeg,4,0742
20190203113403.jpeg,6,972014
20190203113406.jpeg,6,014541
20190203113410.jpeg,4,1047
20190203113417.jpeg,4,3139
20190203113421.jpeg,5,39638
20190203113425.jpeg,4,0787
20190203113429.jpeg,4,0916
20190203113433.jpeg,4,4247
20190203113437.jpeg,4,1163
20190203113442.jpeg,4,5952
20190203113447.jpeg,6,722517
20190203113501.jpeg,6,573514
20190203113502.jpeg,4,6212
20190203113504.jpeg,6,578641
20190203113505.jpeg,4,4897
20190203113507.jpeg,6,448296
20190203113509.jpeg,6,029129
20190203113510.jpeg,4,3858
20190203113512.jpeg,6,802847
20190203113519.jpeg,4,6672
20190203113522.jpeg,5,28734
20190203113524.jpeg,4,9530
20190203113527.jpeg,5,15909
20190203113530.jpeg,6,065928
20190203113533.jpeg,5,83512
20190203113539.jpeg,4,6927
20190203113545.jpeg,5,41791
20190203113549.jpeg,5,86826
20190203113552.jpeg,6,375058
20190203113556.jpeg,5,42187
20190203113600.jpeg,4,4064
20190203113605.jpeg,4,2523
20190203113609.jpeg,6,323467
20190203113613.jpeg,4,8653
20190203113618.jpeg,6,946174
20190203113623.jpeg,4,3256
20190203113628.jpeg,5,15823
20190203113639.jpeg,4,1926
20190203113640.jpeg,6,144977
20190203113642.jpeg,4,0382
20190203113644.jpeg,6,987454
20190203113645.jpeg,6,771718
20190203113647.jpeg,4,6893
20190203113649.jpeg,6,538503
20190203113651.jpeg,6,322208
20190203113654.jpeg,6,219127
20190203113656.jpeg,5,70247
20190203113658.jpeg,5,09842
20190203113701.jpeg,4,1569
20190203113704.jpeg,6,365793
20190203113707.jpeg,4,3433
20190203113710.jpeg,6,155481
20190203113713.jpeg,6,340406
20190203113716.jpeg,5,38880
20190203113719.jpeg,4,5009
20190203113723.jpeg,6,198003
20190203113726.jpeg,5,15399
20190203113730.jpeg,4,8726
20190203113734.jpeg,6,861577
20190203113738.jpeg,6,218603
20190203113742.jpeg,4,0873
20190203113746.jpeg,6,962531
20190203113750.jpeg,6,886505
20190203113755.jpeg,6,665593
20190203113800.jpeg,6,717159
20190203113805.jpeg,5,49614
20190203113815.jpeg,6,727870
20190203113816.jpeg,5,31548
20190203113818.jpeg,4,7948
20190203113819.jpeg,6,520682
20190203113821.jpeg,4,6580
20190203113822.jpeg,4,6646
20190203113824.jpeg,5,36034
20190203113826.jpeg,6,442134
20190203113830.jpeg,5,18695
20190203113833.jpeg,4,0878
20190203113835.jpeg,6,417056
20190203113838.jpeg,5,43036
20190203113840.jpeg,6,488469
20190203113843.jpeg,4,2205
20190203113846.jpeg,5,88332
20190203113852.jpeg,6,969002
20190203113859.jpeg,6,639961
20190203113903.jpeg,4,2042
20190203113910.jpeg,4,1573
20190203113914.jpeg,5,37718
20190203113919.jpeg,5,66175
20190203113928.jpeg,5,90957
20190203113932.jpeg,5,98800
20190203113937.jpeg,5,85505
20190203113941.jpeg,4,8122
20190203113951.jpeg,4,9362
20190203113952.jpeg,5,88590
20190203113953.jpeg,4,0003
20190203113955.jpeg,6,260391
20190203113956.jpeg,5,57547
20190203113958.jpeg,6,418999
20190203114002.jpeg,4,3146
20190203114006.jpeg,5,18341
20190203114008.jpeg,4,7739
20190203114010.jpeg,6,382056
20190203114013.jpeg,6,163888
20190203114015.jpeg,5,10684
20190203114021.jpeg,4,5933
20190203114024.jpeg,4,5770
20190203114027.jpeg,5,70674
20190203114030.jpeg,4,9450
20190203114034.jpeg,4,4826
20190203114037.jpeg,4,5904
20190203114041.jpeg,5,96241
20190203114045.jpeg,6,312502
20190203114048.jpeg,4,3591
20190203114052.jpeg,5,09888
20190203114057.jpeg,4,4897
20190203114101.jpeg,4,2935
20190203114105.jpeg,4,5457
20190203114110.jpeg,5,74259
20190203114114.jpeg,5,23476
20190203114123.jpeg,6,666604
20190203114124.jpeg,6,839082
20190203114126.jpeg,4,5356
20190203114127.jpeg,4,5124
20190203114129.jpeg,5,40014
20190203114130.jpeg,4,4498
20190203114132.jpeg,6,286487
20190203114136.jpeg,6,559282
20190203114138.jpeg,4,6429
20190203114143.jpeg,6,326140
20190203114145.jpeg,4,0715
20190203114148.jpeg,4,2388
20190203114151.jpeg,5,17444
20190203114153.jpeg,6,546116
20190203114156.jpeg,4,6659
20190203114203.jpeg,4,0988
20190203114206.jpeg,4,0012
20190203114209.jpeg,4,8405
20190203114213.jpeg,4,6361
20190203114217.jpeg,5,55651
20190203114220.jpeg,5,23087
20190203114224.jpeg,4,2565
20190203114229.jpeg,6,890792
20190203114242.jpeg,4,2583
20190203114246.jpeg,5,03328
20190203114255.jpeg,6,960620
20190203114256.jpeg,5,54566
20190203114259.jpeg,5,82809
20190203114301.jpeg,6,370978
20190203114304.jpeg,4,5643
20190203114306.jpeg,6,696745
20190203114308.jpeg,4,3671
20190203114310.jpeg,4,9049
20190203114313.jpeg,4,2256
20190203114315.jpeg,5,90804
20190203114318.jpeg,5,64530
20190203114320.jpeg,6,439306
20190203114333.jpeg,5,43520
20190203114336.jpeg,4,9899
20190203114340.jpeg,5,14774
20190203114343.jpeg,4,4074
20190203114347.jpeg,4,3268
20190203114350.jpeg,4,3180
20190203114354.jpeg,6,801621
20190203114358.jpeg,4,0372
20190203114403.jpeg,4,0981
20190203114407.jpeg,5,59505
20190203114412.jpeg,4,1451
20190203114417.jpeg,4,1191
20190203114421.jpeg,4,2411
20190203114431.jpeg,6,240659
20190203114432.jpeg,6,494477
20190203114434.jpeg,5,63284
20190203114435.jpeg,4,7745
20190203114441.jpeg,5,79154
20190203114443.jpeg,5,85202
20190203114450.jpeg,5,56576
20190203114453.jpeg,4,1056
20190203114456.jpeg,6,282485
20190203114458.jpeg,5,31995
20190203114501.jpeg,6,015590
20190203114504.jpeg,5,03259
20190203114508.jpeg,5,95651
20190203114511.jpeg,4,4169
20190203114514.jpeg,4,3458
20190203114518.jpeg,4,2673
20190203114525.jpeg,4,7543
20190203114529.jpeg,6,516397
20190203114533.jpeg,4,9191
20190203114538.jpeg,6,032073
20190203114542.jpeg,5,48387
20190203114551.jpeg,4,7199
20190203114555.jpeg,6,381127
20190203114604.jpeg,5,77599
20190203114605.jpeg,4,9869
20190203114607.jpeg,5,38134
20190203114608.jpeg,4,6373
20190203114610.jpeg,5,04791
20190203114611.jpeg,4,5639
20190203114613.jpeg,6,090105
20190203114615.jpeg,4,7118
20190203114617.jpeg,5,49364
20190203114619.jpeg,6,599228
20190203114621.jpeg,4,4272
20190203114624.jpeg,6,089329
20190203114626.jpeg,4,0189
20190203114629.jpeg,5,72824
20190203114632.jpeg,4,9195
20190203114634.jpeg,5,90024
20190203114637.jpeg,4,1086
20190203114640.jpeg,4,0172
20190203114643.jpeg,4,5840
20190203114647.jpeg,6,887309
20190203114650.jpeg,5,31538
20190203114657.jpeg,4,5368
20190203114705.jpeg,4,2956
20190203114709.jpeg,5,18445
20190203114718.jpeg,5,66699
20190203114722.jpeg,4,5602
20190203114727.jpeg,4,3887
20190203114736.jpeg,4,0298
20190203114737.jpeg,4,3704
20190203114738.jpeg,5,76496
20190203114740.jpeg,6,243893
20190203114741.jpeg,6,082621
20190203114743.jpeg,5,88535
20190203114814.jpeg,6,986416
20190203114815.jpeg,5,28415
20190203114816.jpeg,6,683766
20190203114818.jpeg,4,5426
20190203114821.jpeg,4,3133
20190203114822.jpeg,4,8815
20190203114824.jpeg,6,402374
20190203114826.jpeg,4,3691
20190203114830.jpeg,4,1370
20190203114835.jpeg,6,451104
20190203114838.jpeg,4,4284
20190203114841.jpeg,6,807214
20190203114843.jpeg,6,050177
20190203114846.jpeg,4,3965
20190203114849.jpeg,5,21158
20190203114852.jpeg,5,97875
20190203114859.jpeg,5,78754
20190203114903.jpeg,6,513958
20190203114907.jpeg,6,280432
20190203114911.jpeg,4,1806
20190203114915.jpeg,6,092666
20190203114920.jpeg,6,646396
20190203114925.jpeg,5,66353
20190203114930.jpeg,6,609407
20190203114939.jpeg,4,9817
20190203114948.jpeg,4,7934
20190203114950.jpeg,4,8614
20190203114952.jpeg,4,0032
20190203114953.jpeg,6,171157
20190203114955.jpeg,4,2193
20190203114956.jpeg,6,156075
20190203114958.jpeg,4,6718
20190203115002.jpeg,6,597723
20190203115004.jpeg,4,5904
20190203115009.jpeg,4,7358
20190203115012.jpeg,4,3648
20190203115015.jpeg,5,23522
20190203115018.jpeg,5,65573
20190203115024.jpeg,4,5729
20190203115027.jpeg,5,55438
20190203115031.jpeg,6,209476
20190203115034.jpeg,6,783059
20190203115038.jpeg,4,2233
20190203115046.jpeg,5,90919
20190203115050.jpeg,4,8621
20190203115054.jpeg,5,31742
20190203115058.jpeg,4,0235
20190203115103.jpeg,4,3229
20190203115107.jpeg,4,3390
20190203115112.jpeg,6,401017
20190203115121.jpeg,6,589825
20190203115122.jpeg,4,8374
20190203115123.jpeg,4,7502
20190203115126.jpeg,4,2507
20190203115127.jpeg,4,4462
20190203115131.jpeg,5,93402
20190203115135.jpeg,4,6193
20190203115142.jpeg,5,60708
20190203115145.jpeg,5,17816
20190203115147.jpeg,6,976670
20190203115150.jpeg,6,306429
20190203115153.jpeg,5,28415
20190203115156.jpeg,6,730435
20190203115159.jpeg,5,55093
20190203115203.jpeg,4,3467
20190203115206.jpeg,4,1496
20190203115210.jpeg,4,4109
20190203115214.jpeg,5,57530
20190203115217.jpeg,4,0846
20190203115221.jpeg,5,44383
20190203115225.jpeg,5,10966
20190203115230.jpeg,6,580541
20190203115234.jpeg,5,48614
20190203115239.jpeg,5,76718
20190203115252.jpeg,5,35422
20190203115255.jpeg,4,6380
20190203115258.jpeg,6,860710
20190203115259.jpeg,6,976683
20190203115301.jpeg,5,11220
20190203115303.jpeg,4,6619
20190203115305.jpeg,5,28248
20190203115307.jpeg,4,1232
20190203115310.jpeg,5,66240
20190203115312.jpeg,5,24025
20190203115315.jpeg,6,771794
20190203115317.jpeg,4,9779
20190203115320.jpeg,6,394998
20190203115323.jpeg,5,92638
20190203115326.jpeg,4,6736
20190203115329.jpeg,5,48504
20190203115332.jpeg,5,67171
20190203115336.jpeg,4,7812
20190203115340.jpeg,5,76281
20190203115343.jpeg,5,09197
20190203115351.jpeg,6,452115
20190203115356.jpeg,4,7675
20190203115400.jpeg,4,2793
20190203115404.jpeg,6,364381
20190203115409.jpeg,6,607662
20190203115414.jpeg,4,9757
20190203115419.jpeg,4,8281
20190203115428.jpeg,4,4346
20190203115429.jpeg,5,92361
20190203115430.jpeg,6,824420
20190203115432.jpeg,6,788620
20190203115435.jpeg,4,1074
20190203115441.jpeg,4,9648
20190203115447.jpeg,4,8632
20190203115450.jpeg,4,6608
20190203115452.jpeg,5,55654
20190203115458.jpeg,5,25882
20190203115501.jpeg,6,736090
20190203115504.jpeg,5,25715
20190203115507.jpeg,4,6130
20190203115514.jpeg,5,14361
20190203115518.jpeg,5,78831
20190203115521.jpeg,4,3094
20190203115525.jpeg,5,98361
20190203115530.jpeg,4,4980
20190203115534.jpeg,5,85823
20190203115538.jpeg,6,657267
20190203115547.jpeg,6,611415
20190203115552.jpeg,4,0729
20190203115601.jpeg,6,197287
20190203115603.jpeg,6,898086
20190203115604.jpeg,6,649190
20190203115606.jpeg,6,783447
20190203115607.jpeg,6,791027
20190203115611.jpeg,4,1827
20190203115613.jpeg,6,827240
20190203115615.jpeg,4,0212
20190203115617.jpeg,5,76249
20190203115620.jpeg,5,51787
20190203115625.jpeg,4,3896
20190203115627.jpeg,6,956070
20190203115630.jpeg,4,4889
20190203115633.jpeg,4,7718
20190203115639.jpeg,4,9793
20190203115643.jpeg,5,68092
20190203115647.jpeg,5,61603
20190203115650.jpeg,6,088175
20190203115654.jpeg,6,781066
20190203115658.jpeg,4,9902
20190203115702.jpeg,5,66941
20190203115706.jpeg,6,008822
20190203115710.jpeg,4,6879
20190203115714.jpeg,4,8031
20190203115723.jpeg,5,46270
20190203115738.jpeg,5,42462
20190203115739.jpeg,5,19106
20190203115741.jpeg,6,689467
20190203115742.jpeg,4,0964
20190203115744.jpeg,4,2629
20190203115747.jpeg,5,56137
20190203115749.jpeg,4,3998
20190203115751.jpeg,5,10494
20190203115754.jpeg,5,54667
20190203115756.jpeg,5,02143
20190203115758.jpeg,4,6938
20190203115801.jpeg,6,326160
20190203115807.jpeg,6,104517
20190203115810.jpeg,5,56822
20190203115813.jpeg,5,50586
20190203115819.jpeg,6,800879
20190203115835.jpeg,6,626337
20190203115839.jpeg,5,36380
20190203115843.jpeg,4,5903
20190203115848.jpeg,5,21270
20190203115857.jpeg,4,5745
20190203115901.jpeg,4,5914
20190203115910.jpeg,6,835848
20190203115911.jpeg,6,311690
20190203115913.jpeg,6,122780
20190203115914.jpeg,4,7723
20190203115917.jpeg,5,84416
20190203115919.jpeg,5,49107
20190203115923.jpeg,4,9706
20190203115925.jpeg,6,081132
20190203115928.jpeg,6,107316
20190203115930.jpeg,4,5591
20190203115932.jpeg,4,0856
20190203115935.jpeg,6,554199
20190203115938.jpeg,5,67300
20190203115944.jpeg,5,22932
20190203115947.jpeg,4,8520
20190203115954.jpeg,5,28814
20190203115957.jpeg,4,6283
20190203120005.jpeg,6,064409
20190203120009.jpeg,4,7988
20190203120013.jpeg,4,4940
20190203120018.jpeg,5,00551
20190203120022.jpeg,5,12659
20190203120037.jpeg,4,5127
20190203120046.jpeg,6,075381
20190203120047.jpeg,5,36860
20190203120049.jpeg,6,147333
20190203120052.jpeg,4,6566
20190203120053.jpeg,5,43430
20190203120055.jpeg,4,6653
20190203120057.jpeg,4,2844
20190203120059.jpeg,4,8948
20190203120101.jpeg,5,03941
20190203120104.jpeg,4,7749
20190203120106.jpeg,5,38614
20190203120109.jpeg,5,65516
20190203120111.jpeg,5,25447
20190203120114.jpeg,4,3331
20190203120117.jpeg,4,1549
20190203120119.jpeg,4,7782
20190203120122.jpeg,5,94788
20190203120132.jpeg,5,17742
20190203120136.jpeg,5,73673
20190203120139.jpeg,4,6276
20190203120143.jpeg,6,368119
20190203120147.jpeg,5,92493
20190203120151.jpeg,5,99459
20190203120155.jpeg,4,4306
20190203120159.jpeg,4,0289
20190203120204.jpeg,6,310963
20190203120208.jpeg,5,75305
20190203120218.jpeg,5,92292
20190203120220.jpeg,6,598699
20190203120221.jpeg,6,365919
20190203120223.jpeg,4,5042
20190203120226.jpeg,4,7902
20190203120228.jpeg,4,2657
20190203120230.jpeg,6,730691
20190203120232.jpeg,5,08832
20190203120235.jpeg,4,6706
20190203120239.jpeg,6,999424
20190203120242.jpeg,4,1928
20190203120251.jpeg,6,186472
20190203120254.jpeg,6,363515
20190203120300.jpeg,4,1083
20190203120304.jpeg,4,6438
20190203120307.jpeg,5,37236
20190203120316.jpeg,4,0732
20190203120324.jpeg,6,547390
20190203120329.jpeg,5,35608
20190203120333.jpeg,5,61017
20190203120338.jpeg,4,1028
20190203122210.jpeg,4,7085
20190203122211.jpeg,4,6033
20190203122212.jpeg,6,722734
20190203122214.jpeg,6,332454
20190203122215.jpeg,5,90092
20190203122217.jpeg,5,52823
20190203122219.jpeg,4,3431
20190203122220.jpeg,5,21434
20190203122223.jpeg,5,89885
20190203122225.jpeg,5,77897
20190203122227.jpeg,5,40526
20190203122229.jpeg,4,4320
20190203122231.jpeg,5,25800
20190203122234.jpeg,6,368563
20190203122237.jpeg,5,55780
20190203122240.jpeg,5,99584
20190203122246.jpeg,5,07700
20190203122249.jpeg,6,541914
20190203122252.jpeg,5,26007
20190203122256.jpeg,5,30219
20190203122303.jpeg,6,275114
20190203122307.jpeg,4,3461
20190203122311.jpeg,5,20721
20190203122319.jpeg,6,565909
20190203122324.jpeg,4,7132
20190203122328.jpeg,6,442327
20190203122333.jpeg,6,731385
20190203122342.jpeg,5,20403
20190203122343.jpeg,5,85574
20190203122344.jpeg,5,40250
20190203122346.jpeg,5,13911
20190203122347.jpeg,6,695299
20190203122349.jpeg,6,980922
20190203122351.jpeg,4,2169
20190203122357.jpeg,5,39495
20190203122359.jpeg,6,306631
20190203122401.jpeg,6,457547
20190203122404.jpeg,4,3265
20190203122407.jpeg,6,504754
20190203122412.jpeg,4,5135
20190203122418.jpeg,4,8066
20190203122422.jpeg,5,03119
20190203122425.jpeg,4,0229
20190203122428.jpeg,4,8991
20190203122432.jpeg,6,409988
20190203122436.jpeg,4,9756
20190203122440.jpeg,6,866500
20190203122444.jpeg,6,697200
20190203122448.jpeg,4,5280
20190203122452.jpeg,4,2894
20190203122457.jpeg,5,13563
